Company,Year,Total no. of sites,ISO 14001 sites,% certified sites,Production,Water intake,Water intake - KPI,Total Electricity,Renewable Electricity Purchased,Non-Renewable Electricity Purchased,Self-generated AND consumed electricity on-site,Purchased Steam,Sold Electricity,Sold Steam,Natural Gas,Coal,Propane,Fuel Oil,Diesel,Petrol,Biomass,Waste tires,LPG,Other,Total energy,Total energy - KPI,Total CO2 - Scope 1,Total CO2 - Scope 2,Total CO2,Total CO2 - KPI,Renewable_Electricity_Share_%,Scope1_Share_%,Scope2_Share_%,Fossil_Energy_Share_%,Water_per_ton,CO2_per_ton,Energy_per_ton,ISO_Certification_%
AlphaTread Ltd,2009,14,14,0.9578,805064.4991,6776399.496,8.41721316,2951009.072,440098.8982,2510910.174,22004.94491,429856.0713,0,0,3776083.183,480409.171,279038.9574,468207.0705,61706.54194,21935.97725,0,0,958146.2064,2229.651884,9428621.902,11.71163542,371328.6554,313863.7717,685192.4271,0.851102524,14.9135,54.1933,45.8067,64.1425,8.4172,0.8511,11.7116,95.78
AlphaTread Ltd,2010,14,14,0.862,878191.9694,7430771.621,8.461443375,3174018.51,498749.571,2675268.939,24937.47855,421355.4103,0,0,3660133.288,416794.2924,292278.9264,459276.9063,63352.46994,22344.78667,0,0,917621.0765,2390.52817,9429566.195,10.73747714,356813.1011,334408.6174,691221.7186,0.787096378,15.7135,51.6206,48.3794,61.8713,8.4614,0.7871,10.7375,86.2
AlphaTread Ltd,2011,14,14,0.9902,840895.8491,7137289.482,8.487721148,3313518.823,547178.1108,2766340.712,27358.90554,402307.4254,0,0,3850000.694,421654.6609,272791.7495,440181.0916,66507.12684,20426.39204,0,0,945953.7258,2547.080068,9735888.769,11.57799599,366920.2737,345792.5891,712712.8628,0.847563778,16.5135,51.4822,48.5178,61.8337,8.4877,0.8476,11.578,99.02
AlphaTread Ltd,2012,15,15,0.861,925877.8098,7870332.678,8.500401019,3155804.757,546380.428,2609424.329,27319.0214,459657.1192,0,0,4252777.699,399854.4347,282496.5139,404869.0542,68948.12116,22640.02755,0,0,992405.2255,2542.844766,10041995.8,10.84591907,388264.1684,326178.0411,714442.2095,0.771637685,17.3135,54.3451,45.6549,63.9966,8.5004,0.7716,10.8459,86.1
AlphaTread Ltd,2013,15,15,0.8512,899363.106,8419229.293,9.36132385,3247543.837,588244.0294,2659299.808,29412.20147,451354.1693,0,0,4389786.739,323471.2965,277063.4322,377782.3469,67545.49284,21127.33958,0,0,1014391.313,2441.081322,10172507.05,11.3107898,387271.9775,332412.476,719684.4535,0.800215673,18.1135,53.8114,46.1886,63.6383,9.3613,0.8002,11.3108,85.12
AlphaTread Ltd,2014,15,15,0.9451,855115.2359,7330781.453,8.572857956,3425204.293,647826.2,2777378.093,32391.31,479026.733,0,0,4427250.379,289938.7079,298246.9921,364429.2215,63056.38395,22877.1063,0,0,1042716.051,2269.101993,10415014.97,12.1796625,387856.5108,347172.2616,735028.7725,0.859566923,18.9135,52.7675,47.2325,62.5134,8.5729,0.8596,12.1797,94.51
AlphaTread Ltd,2015,16,16,1,953054.1221,8561252.492,8.982965704,3467171.272,683500.997,2783670.275,34175.04985,423772.362,0,0,3996741.287,293733.8916,328596.3552,355310.6935,73767.97857,22215.43412,0,0,984279.4666,2218.333763,9947807.075,10.43781968,362740.6967,347958.7844,710699.4811,0.745707368,19.7135,51.04,48.96,60.8864,8.983,0.7457,10.4378,100
AlphaTread Ltd,2016,16,16,1,908820.9329,8613840.229,9.478038981,3753820.85,770040.244,2983780.606,38502.0122,496961.4432,0,0,4661045.718,232076.4728,302720.5084,306725.8288,74748.03015,23273.58228,0,0,1049716.472,2404.489072,10903493.39,11.99740565,392587.838,372972.5758,765560.4138,0.842366616,20.5135,51.2811,48.7189,61.0145,9.478,0.8424,11.9974,100
AlphaTread Ltd,2017,16,16,1,904609.1195,8613765.711,9.522085866,3873796.184,825641.7601,3048154.424,41282.088,516402.8404,0,0,4697104.893,222775.8272,297580.1342,313790.4853,71102.01008,23437.34718,0,0,1140984.202,2496.356878,11159470.28,12.33623456,398817.547,381019.303,779836.85,0.862070516,21.3135,51.1412,48.8588,60.6594,9.5221,0.8621,12.3362,100
AlphaTread Ltd,2018,17,17,1,1026082.305,8800585.214,8.576880407,3908328.093,864268.3452,3044059.748,43213.41726,459123.7464,0,0,4839832.025,186689.4812,314176.8596,291189.7928,74112.2278,21242.55675,0,0,1163529.973,2256.133527,11260480.89,10.97424723,404012.7999,380507.4685,784520.2684,0.764578304,22.1135,51.4981,48.5019,61.2143,8.5769,0.7646,10.9742,100
AlphaTread Ltd,2019,17,17,1,921412.7501,7806076.424,8.471856314,3708010.763,849635.2477,2858375.516,42481.76238,528974.3192,0,0,5009245.041,138097.1273,343082.3155,247911.2239,81967.22548,22053.02811,0,0,1213376.323,2213.765418,11294931.13,12.25827527,410806.3244,357296.9395,768103.2639,0.833614755,22.9135,53.4832,46.5168,62.4877,8.4719,0.8336,12.2583,100
AlphaTread Ltd,2020,17,17,1,1093951.361,9245090.602,8.451098407,4176844.086,990476.1491,3186367.937,49523.80746,490700.7226,0,0,4456392.97,108604.0471,354710.8195,219999.8461,78949.48783,21966.05154,0,0,1135134.954,2387.854352,11045690.84,10.09705846,370956.433,398295.9921,769252.425,0.703187045,23.7135,48.223,51.777,57.7433,8.4511,0.7032,10.0971,100
AlphaTread Ltd,2021,18,18,1,996618.5354,9175783.835,9.206916698,3649139.618,894532.0384,2754607.579,44726.60192,555225.3068,0,0,4877319.299,79030.56796,362414.271,207067.2021,77432.89408,20417.37852,0,0,1210033.272,2294.859728,11040374.67,11.07783397,395221.4274,344325.9474,739547.3748,0.742056613,24.5135,53.441,46.559,61.9183,9.2069,0.7421,11.0778,100
AlphaTread Ltd,2022,18,18,1,1025797.638,9648024.076,9.405387295,4183648.838,1059028.176,3124620.662,52951.40879,512898.6975,0,0,4789953.749,42317.40281,350063.8269,170602.4252,75863.66318,21646.89095,0,0,1286395.507,2425.873002,11435816.87,11.14821915,387493.049,390577.5828,778070.6318,0.758503044,25.3135,49.8018,50.1982,58.9312,9.4054,0.7585,11.1482,100
AlphaTread Ltd,2023,,,,,,9.4054,,,,,,,,,,,,,,,,,,,11.1998,,,,0.817039,26.247,,,,,,,
BetaRubber Inc,2009,35,35,0.9852,2606372.928,20924975.3,8.02838883,8636268.771,985405.7506,7650863.02,49270.28753,1554673.582,0,0,8337416.067,81695.64311,91704.92185,1476189.067,49555.7557,55608.44442,0,0,1216947.297,1869.192331,21501928.74,8.249751412,671464.6268,956357.8775,1627822.504,0.624554716,11.4101,41.2493,58.7507,52.6045,8.0284,0.6246,8.2498,98.52
BetaRubber Inc,2010,35,35,0.8867,2478885.123,18925877.44,7.634834411,9869101.673,1205025.866,8664075.806,60251.29332,1590272.031,0,0,8408076.095,75939.15001,91823.3413,1376317.442,48788.52648,51895.80482,0,0,1337441.246,1808.368678,22851463.68,9.218443995,673600.3957,1083009.476,1756609.872,0.708628994,12.2101,38.3466,61.6534,49.8528,7.6348,0.7086,9.2184,88.67
BetaRubber Inc,2011,35,35,0.9655,2858846.606,20534599.13,7.182826488,9459400.768,1230676.237,8228724.531,61533.81185,1657891.932,0,0,9372581.413,68992.612,91780.89139,1213435.136,52811.49454,53735.43004,0,0,1401149.563,2016.376716,23373795.62,8.175953046,718454.0342,1028590.566,1747044.601,0.611101203,13.0101,41.124,58.876,52.4369,7.1828,0.6111,8.176,96.55
BetaRubber Inc,2012,36,36,0.9393,3033585.924,24927827.17,8.217280735,10415901.88,1438445.076,8977456.808,71922.25381,1822469.351,0,0,9254289.351,63243.67209,106608.185,1203077.466,54469.38211,56221.94699,0,0,1362966.2,1888.063445,24341135.5,8.023882004,709549.4715,1122182.101,1831731.572,0.603817271,13.8101,38.7365,61.2635,49.7214,8.2173,0.6038,8.0239,93.93
BetaRubber Inc,2013,36,36,0.9456,2762917.115,22079400.05,7.991336379,10064155.34,1470381.817,8593773.527,73519.09084,1868983.84,0,0,8818602.875,53702.14262,100055.5037,1082657.359,50893.84997,54460.01993,0,0,1319313.651,1879.287932,23414703.87,8.474631304,671630.437,1074221.691,1745852.128,0.631887261,14.6101,38.4701,61.5299,49.0357,7.9913,0.6319,8.4746,94.56
BetaRubber Inc,2014,36,36,0.956,3036186.419,21650668.45,7.130875863,10106273.2,1557385.458,8548887.745,77869.27292,1886240.189,0,0,9230372.082,49557.22257,104608.3652,1121707.498,54317.6204,55805.21709,0,0,1513906.991,2047.173208,24124835.56,7.94576888,708922.3693,1068610.968,1777533.337,0.585449341,15.4101,39.8824,60.1176,50.2898,7.1309,0.5854,7.9458,95.6
BetaRubber Inc,2015,37,37,1,2952630.289,20843601.88,7.059333492,10237171.04,1659454.297,8577716.746,82972.71486,1992768.733,0,0,10105264.06,49762.61219,106913.5464,1022177.262,55192.03348,55006.34172,0,0,1398528.553,1875.567901,25024659.75,8.475378664,743989.5009,1072214.593,1816204.094,0.615113955,16.2101,40.964,59.036,51.1284,7.0593,0.6151,8.4754,100
BetaRubber Inc,2016,37,37,1,3044107.802,21575722.23,7.08769979,10432926.35,1774649.813,8658276.537,88732.49065,2012817.75,0,0,9622696.152,38610.57639,110094.2441,858610.6637,57073.6774,50016.86716,0,0,1470450.757,1983.956175,24655280.99,8.099345554,707234.9334,1082284.567,1789519.501,0.58786338,17.0101,39.5209,60.4791,49.521,7.0877,0.5879,8.0993,100
BetaRubber Inc,2017,37,37,1,2903454.647,22764257.94,7.840404177,10304013.36,1835153.708,8468859.648,91757.68539,1986118.638,0,0,9262103.271,34516.57801,107811.9987,819427.0712,59559.21598,53065.85978,0,0,1589237.657,2068.013732,24217921.66,8.341071105,690505.3856,1058607.456,1749112.842,0.602424716,17.8101,39.4775,60.5225,49.2519,7.8404,0.6024,8.3411,100
BetaRubber Inc,2018,38,38,1,3079466.532,22026057.85,7.152556334,10310804.77,1918849.702,8391955.065,95942.4851,2052864.086,0,0,11003047.76,28887.29066,118152.9222,807306.9861,59777.7857,56313.52905,0,0,1671651.349,1869.264831,26110675.74,8.478960714,792202.3846,1048994.383,1841196.768,0.597894716,18.6101,43.0265,56.9735,52.649,7.1526,0.5979,8.479,100
BetaRubber Inc,2019,38,38,1,3020912.803,21868363.44,7.238991943,10716061.93,2079996.907,8636065.025,103999.8454,2138070.437,0,0,10502472.8,22915.3009,121493.2999,732304.6218,56386.37936,55040.92953,0,0,1654416.035,1842.61228,26001004.35,8.607002598,756650.073,1079508.128,1836158.201,0.60781569,19.4101,41.2083,58.7917,50.5629,7.239,0.6078,8.607,100
BetaRubber Inc,2020,38,38,1,3507947.776,28888954.91,8.235286487,10896673.94,2202227.247,8694446.697,110111.3623,1962125.429,0,0,10284948.48,18920.72085,128894.105,621630.2678,62832.51028,50441.3682,0,0,1672620.689,2003.703518,25701091.22,7.326531883,737160.042,1086805.837,1823965.879,0.519952404,20.2101,40.4152,59.5848,49.9679,8.2353,0.52,7.3265,100
BetaRubber Inc,2021,39,39,1,3186134.512,25487525.67,7.999513384,12517963.07,2630034.889,9887928.183,131501.7444,2199676.448,0,0,10156371.38,13789.90048,127982.4428,548114.8153,61224.11806,52991.78782,0,0,1656522.542,1913.839961,27336550.35,8.579848166,722859.8116,1235991.023,1958850.834,0.614804814,21.0101,36.9022,63.0978,46.1613,7.9995,0.6148,8.5798,100
BetaRubber Inc,2022,39,39,1,3662314.613,29520643.92,8.060652085,11319046.12,2468693.767,8850352.351,123434.6883,2369206.668,0,0,11258891.73,7578.114274,128939.5203,486544.7532,65486.214,58142.44557,0,0,1624719.128,2060.559413,27320615.25,7.459931257,778315.0918,1106294.044,1884609.136,0.514595095,21.8101,41.2985,58.7015,49.8977,8.0607,0.5146,7.4599,100
BetaRubber Inc,2023,39,39,1,3555347.09,27180944.85,7.645088977,12182625.47,2754502.175,9428123.292,137725.1088,2331262.207,0,0,10811689.44,1689.914459,133883.339,393519.9064,68243.11507,51894.7572,0,0,1708891.576,1998.390248,27685698.11,7.787059156,750268.4221,1178515.412,1928783.834,0.542502261,22.6101,38.8985,61.1015,47.5762,7.6451,0.5425,7.7871,100
DeltaGrip GmbH,2009,13,13,0.864,1452696.532,12590168.57,8.666757504,14755531.25,1452179.267,13303351.99,72608.96333,950320.1004,0,0,19803087.54,878520.674,398093.0364,1723950.956,235949.4026,18762.92428,0,0,841779.2137,1229.335695,39607224.43,27.2646238,1419062.474,1662918.998,3081981.472,2.121559049,9.8416,46.0438,53.9562,60.346,8.6668,2.1216,27.2646,86.4
DeltaGrip GmbH,2010,13,13,0.9327,1416120.736,11165188.9,7.88434815,15144708.83,1611638.209,13533070.62,80581.91045,981416.172,0,0,22933776.34,820981.8747,393539.4572,1656343.659,238218.6184,20821.38462,0,0,819977.3267,1200.166033,43010983.83,30.37239887,1582793.411,1691633.828,3274427.239,2.31225146,10.6416,48.338,51.662,62.507,7.8843,2.3123,30.3724,93.27
DeltaGrip GmbH,2011,13,13,0.8948,1460125.578,11893809.58,8.145744285,15693219.52,1795554.238,13897665.29,89777.71192,1002365.073,0,0,20903558.43,721831.3542,407745.6156,1512042.166,249114.7947,19329.60288,0,0,815015.3,1084.744722,41325306.61,28.30257016,1449623.718,1737208.161,3186831.879,2.182573833,11.4416,45.4879,54.5121,59.5996,8.1457,2.1826,28.3026,89.48
DeltaGrip GmbH,2012,14,14,0.9358,1597639.85,12288250.21,7.691502068,15535127.64,1901747.03,13633380.61,95087.35149,952878.6275,0,0,23564065.34,680649.1882,449389.6102,1390460.115,259919.6785,20467.83033,0,0,924989.8038,1140.761719,43779088.6,27.4023514,1595236.254,1704172.576,3299408.829,2.065176847,12.2416,48.3492,51.6508,62.3382,7.6915,2.0652,27.4024,93.58
DeltaGrip GmbH,2013,14,14,0.9253,1467326.682,11958584.19,8.149912585,16125775.94,2103057.996,14022717.95,105152.8998,1114814.373,0,0,22981963.58,603110.2478,434997.5968,1380406.394,255443.4089,19950.84676,0,0,830283.159,1136.042182,43747881.59,29.81468416,1547846.95,1752839.743,3300686.694,2.249455921,13.0416,46.8947,53.1053,60.591,8.1499,2.2495,29.8147,92.53
DeltaGrip GmbH,2014,14,14,0.9008,1742406.574,14430090.45,8.281701109,15944504.2,2206973.308,13737530.89,110348.6654,1136291.273,0,0,25068757.56,573398.1073,439370.7307,1212996.89,274342.7665,20276.7388,0,0,952417.6666,1056.843054,45623412.78,26.18413719,1657680.967,1717191.362,3374872.328,1.93690289,13.8416,49.1183,50.8817,62.5613,8.2817,1.9369,26.1841,90.08
DeltaGrip GmbH,2015,15,15,1,1542347.164,12651242.37,8.202590614,16989233.01,2487494.277,14501738.73,124374.7138,1187170.331,0,0,25216070.15,478718.4132,428504.6814,1191303.584,287109.6664,19293.26317,0,0,947357.8875,1215.303772,46745976.29,30.30833615,1655191.335,1812717.341,3467908.676,2.248461798,14.6416,47.7288,52.2712,61.1166,8.2026,2.2485,30.3083,100
DeltaGrip GmbH,2016,15,15,1,1569801.509,13209354.48,8.414665419,15725573.71,2428279.021,13297294.69,121413.9511,1101056.895,0,0,23380078.57,427558.0923,472816.3663,1133723.283,262229.2815,18157.19357,0,0,994515.5039,1163.481084,43516872.38,27.72125783,1546390.779,1662161.836,3208552.615,2.043922494,15.4416,48.1959,51.8041,61.3331,8.4147,2.0439,27.7213,100
DeltaGrip GmbH,2017,15,15,1,1657094.983,14192451.02,8.564657529,15660873.09,2543575.199,13117297.89,127178.76,1140329.413,0,0,24316586.23,352674.4333,440327.4437,1048451.441,300887.8699,20021.96067,0,0,906317.9167,1130.971436,44187600.77,26.66570186,1581208.427,1639662.236,3220870.663,1.943685001,16.2416,49.0926,50.9074,61.9776,8.5647,1.9437,26.6657,100
DeltaGrip GmbH,2018,16,16,1,1721191.828,14021791.18,8.14655923,17332228.97,2953687.843,14378541.12,147684.3922,1157181.584,0,0,24807143.75,325702.5801,464315.689,899506.3353,287852.8433,18650.10176,0,0,990024.3909,1155.280007,46283761.52,26.8905306,1599788.4,1797317.64,3397106.041,1.973694033,17.0416,47.0927,52.9073,60.0521,8.1466,1.9737,26.8905,100
DeltaGrip GmbH,2019,16,16,1,1942775.032,15096863.55,7.77077289,18624388.39,3322887.495,15301500.9,166144.3747,1225533.423,0,0,25416276.23,252896.6966,512542.612,865716.5124,273268.2949,19800.15951,0,0,998212.9143,1215.437337,48189850.67,24.80464793,1626934.646,1912687.612,3539622.258,1.821941398,17.8416,45.9635,54.0365,58.8089,7.7708,1.8219,24.8046,100
DeltaGrip GmbH,2020,16,16,1,1773995.691,14933775.15,8.418157512,17949668.99,3346104.161,14603564.83,167305.208,1190370.894,0,0,27482955.31,195574.7047,522140.7616,776296.7928,308060.1831,20522.6217,0,0,1039614.237,1215.300054,49486419.8,27.8954566,1736065.06,1825445.604,3561510.664,2.007620809,18.6416,48.7452,51.2548,61.3226,8.4182,2.0076,27.8955,100
DeltaGrip GmbH,2021,17,17,1,1916699.855,14927998.58,7.788386137,17823022.72,3465079.459,14357943.26,173253.973,1258910.597,0,0,28441912.59,124717.5037,500685.5438,692873.0762,290403.223,18322.88454,0,0,1045234.484,1227.736511,50197310.35,26.18944756,1774175.676,1794742.907,3568918.583,1.862012236,19.4416,49.7119,50.2881,61.9861,7.7884,1.862,26.1894,100
DeltaGrip GmbH,2022,17,17,1,1918287.247,16431095.74,8.565503294,19309124.03,3908474.215,15400649.82,195423.7107,1217722.74,0,0,29401768.98,74858.9982,553483.4525,606177.9575,304133.5657,18269.96053,0,0,1137067.501,1075.996232,52623683.18,27.43263985,1826063.081,1925081.227,3751144.308,1.955465383,20.2416,48.6802,51.3198,60.9931,8.5655,1.9555,27.4326,100
DeltaGrip GmbH,2023,17,17,1,2090046.636,17758979.55,8.496929802,19355776.94,4072763.721,15283013.22,203638.1861,1390023.602,0,0,30606161.93,17496.85658,526020.5741,523109.9402,293342.1176,19582.62654,0,0,1070831.66,1173.183535,53803519.43,25.74273632,1875600.228,1910376.652,3785976.881,1.811431772,21.0416,49.5407,50.4593,61.4416,8.4969,1.8114,25.7427,100
EpsilonWheel Co,2009,19,19,0.9377,3922884.468,24703414.2,6.297257642,15221251.84,1587933.142,13633318.7,79396.6571,2551176.605,0,0,15392691.91,125940.8538,352765.8793,427071.9779,289887.5602,26788.99959,0,0,1391137.511,5002.042224,35783715.17,9.12178665,1032548.902,1704164.837,2736713.739,0.697627922,10.4323,37.7295,62.2705,50.3338,6.2973,0.6976,9.1218,93.77
EpsilonWheel Co,2010,19,19,0.8953,4169368.987,24601252.18,5.900473732,13734979.75,1542759.984,12192219.77,77137.99918,2988971.478,0,0,15963508.69,126608.5282,318688.9101,426665.2308,262380.82,27831.04848,0,0,1574872.164,4940.626059,35429447.25,8.497556191,1070790.477,1524027.471,2594817.948,0.622352676,11.2323,41.2665,58.7335,52.7965,5.9005,0.6224,8.4976,89.53
EpsilonWheel Co,2011,19,19,0.9129,4294525.976,26713947.79,6.220464829,14105205.44,1697186.645,12408018.79,84859.33225,2818900.48,0,0,15798230.45,117017.3838,343821.3866,408122.7358,264079.0415,27458.17985,0,0,1556219.189,5098.448033,35444152.73,8.253332949,1059822.793,1551002.349,2610825.142,0.607942566,12.0323,40.5934,59.4066,52.2513,6.2205,0.6079,8.2533,91.29
EpsilonWheel Co,2012,20,20,0.8649,4337335.902,26745076.75,6.166245215,15394750.41,1975507.117,13419243.29,98775.35584,3149559.232,0,0,16892398.56,105921.3739,339528.8194,337747.1151,308486.1785,27835.86496,0,0,1649709.844,4863.443736,38210800.83,8.809739826,1122978.24,1677405.411,2800383.651,0.645646017,12.8323,40.1009,59.8991,51.4684,6.1662,0.6456,8.8097,86.49
EpsilonWheel Co,2013,20,20,0.8532,4264649.479,26710038.33,6.263126305,14999731.76,2044814.824,12954916.93,102240.7412,2814714.463,0,0,17867876.15,91361.77901,381077.517,322480.8448,285420.4874,29697.55704,0,0,1600099.113,4487.445107,38396947.11,9.003541159,1173369.136,1619364.617,2792733.752,0.654856575,13.6323,42.0151,57.9849,53.6045,6.2631,0.6549,9.0035,85.32
EpsilonWheel Co,2014,20,20,0.8504,4570050.694,28936371.71,6.331739765,15087547.47,2177486.544,12910060.93,108874.3272,2880678.329,0,0,17365489.92,83980.34225,383511.0972,293120.8964,282068.1581,29339.95526,0,0,1612066.217,4621.528721,38022423.92,8.319912943,1142772.937,1613757.616,2756530.553,0.603172861,14.4323,41.4569,58.5431,52.7431,6.3317,0.6032,8.3199,85.04
EpsilonWheel Co,2015,21,21,1,4161434.945,23135401.06,5.559476808,16984892.22,2587196.976,14397695.25,129359.8488,3143056.527,0,0,19215752.46,78752.99111,399185.5856,296668.759,293047.5483,28056.23511,0,0,1842590.833,4408.167656,42286411.33,10.16149763,1260981.433,1799711.906,3060693.339,0.735489892,15.2323,41.1992,58.8008,52.4009,5.5595,0.7355,10.1615,100
EpsilonWheel Co,2016,21,21,1,4688973.574,29727884.07,6.339955556,16765295.8,2687869.663,14077426.13,134393.4831,3176567.203,0,0,20293493.42,64628.01152,389180.1376,270568.6819,328907.0871,27995.35754,0,0,1872604.703,4431.090265,43193671.48,9.211754086,1321787.737,1759678.267,3081466.004,0.657172824,16.0323,42.8948,57.1052,53.8315,6.34,0.6572,9.2118,100
EpsilonWheel Co,2017,21,21,1,4273865.518,26036824.97,6.092102069,15877686.41,2672586.576,13205099.84,133629.3288,3148509.07,0,0,19703674.68,60435.58102,387647.0794,273831.9371,327787.318,27831.36997,0,0,1825069.846,4450.636054,41636923.93,9.742216677,1285696.826,1650637.479,2936334.305,0.687044151,16.8323,43.7858,56.2142,54.3045,6.0921,0.687,9.7422,100
EpsilonWheel Co,2018,22,22,1,4827561,30540895.49,6.326361385,17839536.53,3145528.201,14694008.32,157276.4101,3477603.665,0,0,20390724.75,48131.19476,403954.4656,222499.6433,324406.7903,27830.39863,0,0,1807558.673,4447.521981,44546693.63,9.227577577,1318894.13,1836751.041,3155645.17,0.65367277,17.6323,41.7948,58.2052,52.1465,6.3264,0.6537,9.2276,100
EpsilonWheel Co,2019,22,22,1,4716102.031,28987681.92,6.146534093,17416939.67,3210349.993,14206589.68,160517.4997,3213081.404,0,0,21456855.76,38057.74588,437470.2964,197695.988,317850.9427,29110.3105,0,0,1962838.16,4798.513356,45074698.79,9.55761739,1386281.472,1775823.71,3162105.182,0.670491258,18.4323,43.8405,56.1595,54.2315,6.1465,0.6705,9.5576,100
EpsilonWheel Co,2020,22,22,1,4934798.243,29842435.64,6.047346654,17635743.8,3391766.671,14243977.13,169588.3335,3260459.691,0,0,20018522.95,32178.09578,440695.143,201520.9429,358837.9835,30140.3635,0,0,1937606.04,4642.73858,43920347.75,8.900130378,1307213.775,1780497.142,3087710.916,0.625701551,19.2323,42.336,57.664,52.4225,6.0473,0.6257,8.9001,100
EpsilonWheel Co,2021,23,23,1,5024772.473,28707046.9,5.713103838,18948965.57,3795921.706,15153043.87,189796.0853,3382142.25,0,0,19590468.73,23012.94307,422880.2431,176274.5581,357564.8602,29417.2833,0,0,2051737.957,5116.703098,44987581.1,8.953157848,1285543.484,1894130.484,3179673.967,0.632799591,20.0323,40.43,59.57,50.3616,5.7131,0.6328,8.9532,100
EpsilonWheel Co,2022,23,23,1,5316054.409,32412818.61,6.097157048,19271053.23,4014611.834,15256441.39,200730.5917,3332941.155,0,0,22765055.86,12913.54866,423959.0745,140452.0464,371851.9134,27182.07286,0,0,1930964.056,4379.817119,48280752.78,9.082065205,1454049.164,1907055.174,3361104.338,0.632255444,20.8323,43.2611,56.7389,53.1822,6.0972,0.6323,9.0821,100
EpsilonWheel Co,2023,23,23,1,5458771.577,33035847.53,6.051883114,18891636.22,4086703.473,14804932.75,204335.1736,3463799.662,0,0,22166964.93,2521.273707,466318.8675,121092.2197,362259.591,27325.23465,0,0,1977163.031,4924.233126,47484005.26,8.698661337,1422613.485,1850616.593,3273230.078,0.599627596,21.6323,43.4621,56.5379,52.9201,6.0519,0.5996,8.6987,100
EtaRoad AG,2009,53,53,0.9116,3447658.776,31892931.41,9.25060555,23241507.76,1959321.258,21282186.5,97966.0629,974659.7496,0,0,15944736.32,1181531.902,537945.3579,3109395.753,211879.0557,41158.08847,0,0,1962502.293,5063.326526,47210379.61,13.6934606,1410369.747,2660273.313,4070643.06,1.180697779,8.4303,34.6473,65.3527,48.7058,9.2506,1.1807,13.6935,91.16
EtaRoad AG,2010,53,53,0.9921,3493968.145,33870790.33,9.694075309,24714368.64,2281202.318,22433166.32,114060.1159,972829.3419,0,0,16605892.8,1061443.243,597411.3475,3086899.447,234802.2149,36952.14615,0,0,1940724.438,4914.209432,49256237.83,14.09750627,1438237.968,2804145.79,4242383.758,1.214202186,9.2303,33.9016,66.0984,47.8499,9.6941,1.2142,14.0975,99.21
EtaRoad AG,2011,53,53,0.9332,3875379.015,32648796.64,8.424671889,26883105.42,2696447.366,24186658.06,134822.3683,1090631.041,0,0,16742347.87,1018397.227,548793.1579,2963804.858,216520.8101,38828.95986,0,0,2218809.789,4591.929805,51725831.07,13.34729606,1443561.224,3023332.257,4466893.481,1.152633965,10.0303,32.3169,67.6831,45.9192,8.4247,1.1526,13.3473,93.32
EtaRoad AG,2012,54,54,0.9024,3714292.082,30885777.62,8.315387409,24215689.63,2622623.945,21593065.68,131131.1973,1057537.621,0,0,17000994.57,968742.5403,571386.4537,2430242.512,251126.2773,41349.81757,0,0,2171072.351,5029.700192,48713171.47,13.11506214,1413574.386,2699133.21,4112707.596,1.107265531,10.8303,34.3709,65.6291,48.1183,8.3154,1.1073,13.1151,90.24
EtaRoad AG,2013,54,54,0.893,3608509.429,34177706.53,9.471419489,27523548.08,3201062.246,24322485.83,160053.1123,1019264.384,0,0,18761616.64,811439.4165,549387.209,2307490.477,231007.4851,41323.37806,0,0,2186448.855,4980.378127,53436506.3,14.80847074,1485878.768,3040310.729,4526189.498,1.25431001,11.6303,32.8285,67.1715,46.5856,9.4714,1.2543,14.8085,89.3
EtaRoad AG,2014,54,54,0.8667,3935092.269,34202688.85,8.691712038,26424520.1,3284638.514,23139881.58,164231.9257,1026313.079,0,0,18338789.27,773356.6781,605987.6761,2175011.256,261796.4225,39828.42318,0,0,2047144.393,4817.478643,51697564.77,13.13757372,1446209.058,2892485.198,4338694.256,1.102564809,12.4303,33.3328,66.6672,46.9011,8.6917,1.1026,13.1376,86.67
EtaRoad AG,2015,55,55,1,3839388.451,32572111.97,8.483671914,27583502.29,3649371.118,23934131.17,182468.5559,1151731.258,0,0,18201652.69,650281.4696,640137.8559,2021266.826,270409.1329,36508.35373,0,0,2277578.818,4811.29047,52837879.98,13.76205629,1430413.656,2991766.396,4422180.052,1.15179282,13.2303,32.3463,67.6537,45.6162,8.4837,1.1518,13.7621,100
EtaRoad AG,2016,55,55,1,4411508.614,40033053.67,9.074685596,28006246.81,3929351.324,24076895.49,196467.5662,1150020.496,0,0,19823924.96,624140.2618,612173.9233,1854578.81,268640.1145,38247.4167,0,0,2403800.734,4904.273585,54786677.8,12.41903453,1511350.706,3009611.936,4520962.643,1.02481102,14.0303,33.4298,66.5702,46.7822,9.0747,1.0248,12.419,100
EtaRoad AG,2017,55,55,1,4360393.959,40705504.93,9.335281472,28332263.63,4201750.463,24130513.16,210087.5232,1094089.364,0,0,19961453.75,525071.7359,617017.8218,1938413.644,260765.1604,40447.49421,0,0,2416621.285,5045.168288,55191189.05,12.65738591,1516747.322,3016314.145,4533061.468,1.039599062,14.8303,33.4597,66.5403,46.6829,9.3353,1.0396,12.6574,100
EtaRoad AG,2018,56,56,1,3967718.166,37273954.49,9.394304969,29517662.47,4613689.582,24903972.89,230684.4791,1164899.305,0,0,18751901.45,400230.2217,615714.1918,1818851.791,268372.0562,42290.79359,0,0,2432677.09,4615.977891,55017215.35,13.86621051,1429256.431,3112996.611,4542253.043,1.14480234,15.6303,31.4658,68.5342,44.231,9.3943,1.1448,13.8662,100
EtaRoad AG,2019,56,56,1,4529393.873,38735763.11,8.552085377,29631434.61,4868523.948,24762910.66,243426.1974,1284538.304,0,0,21849299.66,331735.6772,637236.5068,1513630.576,290200.4263,40748.2024,0,0,2621016.964,4718.496764,58204559.42,12.85040803,1586331.244,3095363.833,4681695.077,1.033625074,16.4303,33.8837,66.1163,46.8839,8.5521,1.0336,12.8504,100
EtaRoad AG,2020,56,56,1,4776578.604,42947506.48,8.991269702,30919656.29,5327539.466,25592116.83,266376.9733,1339012.057,0,0,21118974.11,273952.42,716656.6076,1297896.869,283207.7968,41244.1709,0,0,2532953.244,4668.184743,58528221.75,12.25316834,1522756.415,3199014.603,4721771.018,0.988525765,17.2303,32.2497,67.7503,44.8836,8.9913,0.9885,12.2532,100
EtaRoad AG,2021,57,57,1,4222930.496,38970784.9,9.228374689,30561970.95,5510405.093,25051565.86,275520.2546,1299463.96,0,0,21213095.89,187335.4111,688342.9787,1146447.65,300924.3425,38296.09395,0,0,2768322.259,4632.310659,58208831.85,13.78399003,1520609.388,3131445.732,4652055.121,1.101617733,18.0303,32.6868,67.3132,45.2636,9.2284,1.1016,13.784,100
EtaRoad AG,2022,57,57,1,4968549.214,47904184.76,9.641483398,29959286.01,5641413.674,24317872.33,282070.6837,1331728.033,0,0,21401175.62,107197.9203,739279.4181,1160814.094,273016.9473,39896.41015,0,0,2730893.935,4447.960772,57747736.35,11.6226556,1523803.632,3039734.042,4563537.674,0.918484949,18.8303,33.3908,66.6092,45.8143,9.6415,0.9185,11.6227,100
EtaRoad AG,2023,57,57,1,4968549.215,47904184.76,9.641483,30241356.69,5641413.674,24317872.33,282070.6837,1331728.033,0,0,21401175.62,107197.9203,739279.4181,1160814.094,273016.9473,39896.4102,0,0,2730893.935,4447.9608,58029807.03,11.679427,1523921.55,3099734.042,4623655.591,0.930585,19.5874,32.9592,67.0408,40.8779,9.6415,0.9306,11.6794,100
GammaTire SA,2009,25,25,0.8543,2212407.96,17658954.87,7.981780569,11518818.27,1112593.718,10406224.55,55629.68588,945130.5339,0,0,6634101.878,385056.9567,383667.6182,2374228.327,72144.48323,56082.18767,0,0,1393032.044,3759.69159,23766021.99,10.74215173,704380.0468,1300778.069,2005158.115,0.906323857,9.6589,35.1284,64.8716,47.5556,7.9818,0.9063,10.7422,85.43
GammaTire SA,2010,25,25,0.9233,2393919.304,18839145.19,7.869582386,12819448.19,1340776.138,11478672.05,67038.80691,1039242.309,0,0,6481122.048,384714.833,346564.7401,2087839.563,79046.90681,58964.64804,0,0,1349727.807,4009.440015,24650680.49,10.29720611,669557.508,1434834.006,2104391.514,0.879056997,10.4589,31.8172,68.1828,43.7797,7.8696,0.8791,10.2972,92.33
GammaTire SA,2011,25,25,0.9138,2380614.329,18699237.5,7.854794987,12398464.58,1395933.506,11002531.07,69796.67529,1074069.276,0,0,6405255.868,326313.3257,356694.6385,1968343.681,73781.77519,61200.65178,0,0,1422093.797,3823.819895,24090041.41,10.11925414,654954.6821,1375316.384,2030271.066,0.852834935,11.2589,32.2595,67.7405,44.0743,7.8548,0.8528,10.1193,91.38
GammaTire SA,2012,26,26,0.9226,2315240.235,18125965.64,7.828978336,14041807.96,1693290.726,12348517.24,84664.53628,1069271.898,0,0,6570921.533,292217.036,369757.0929,1869908.507,76309.19987,56121.10586,0,0,1404966.221,3881.263678,25755161.82,11.12418549,653093.2796,1543564.655,2196657.934,0.948781859,12.0589,29.7312,70.2688,41.328,7.829,0.9488,11.1242,92.26
GammaTire SA,2013,26,26,0.933,2670027.827,20815877.75,7.796127641,12552020.44,1614054.568,10937965.87,80702.72838,1154092.993,0,0,6955414.417,301475.7549,402540.5305,1831139.087,81521.25705,57778.36214,0,0,1327197.818,4310.830018,24667491.49,9.238664569,670779.9302,1367245.734,2038025.664,0.763297537,12.8589,32.9132,67.0868,44.4365,7.7961,0.7633,9.2387,93.3
GammaTire SA,2014,26,26,0.9733,2529056.842,18809481.12,7.437350086,12723263.59,1737860.701,10985402.89,86893.03505,1137696.862,0,0,6615082.402,242431.9291,410958.4691,1670994.229,90827.93805,57136.62633,0,0,1524199.261,4095.164325,24476686.47,9.678187565,645895.528,1373175.362,2019070.89,0.798349352,13.6589,31.9897,68.0103,43.3708,7.4374,0.7983,9.6782,97.33
GammaTire SA,2015,27,27,1,2715195.657,19619238.03,7.225717962,14007545.48,2025340.131,11982205.35,101267.0065,1130359.679,0,0,7215458.609,242395.1476,448518.5497,1559992.569,87712.59331,61918.86415,0,0,1552245.535,4315.034892,26310462.06,9.690079605,675041.4183,1497775.668,2172817.087,0.800243283,14.4589,31.0676,68.9324,42.4643,7.2257,0.8002,9.6901,100
GammaTire SA,2016,27,27,1,2526965.159,18214336.93,7.207988946,14626600.89,2231861.68,12394739.21,111593.084,1100272.167,0,0,7052187.201,187825.4597,391136.5657,1483280.878,89236.54749,58819.12305,0,0,1461699.688,4160.00216,26455218.52,10.46916632,645946.8279,1549342.402,2195289.23,0.868745349,15.2589,29.4242,70.5758,40.5529,7.208,0.8687,10.4692,100
GammaTire SA,2017,27,27,1,2795235.625,20969378.52,7.501828587,15000620.81,2408938.055,12591682.76,120446.9028,1269558.6,0,0,7948758.886,177345.5664,445184.5465,1475873.786,88712.05204,61285.34158,0,0,1596660.54,4289.793321,28068289.92,10.04147546,705798.7079,1573960.344,2279759.052,0.815587435,16.0589,30.9594,69.0406,42.0336,7.5018,0.8156,10.0415,100
GammaTire SA,2018,28,28,1,2908144.108,20470914.92,7.039167992,14072689.15,2372503.743,11700185.4,118625.1871,1176328.502,0,0,8066114.55,147824.9796,428049.28,1189065.692,94425.09671,62796.12596,0,0,1705091.978,4026.971602,26946412.32,9.265844924,692889.8639,1462523.175,2155413.039,0.741164454,16.8589,32.1465,67.8535,43.4098,7.0392,0.7412,9.2658,100
GammaTire SA,2019,28,28,1,2817312.439,19862304.5,7.050089379,14053893.01,2481766.061,11572126.95,124088.303,1224988.804,0,0,7690407.647,113810.5841,422515.0484,1235091.89,98556.13279,61583.628,0,0,1741998.134,4348.525307,26647193.4,9.458373531,674110.1955,1446515.869,2120626.064,0.75271242,17.6589,31.7883,68.2117,42.6623,7.0501,0.7527,9.4584,100
GammaTire SA,2020,28,28,1,2955805.664,21514449.88,7.2787092,14335889.14,2646250.652,11689638.49,132312.5326,1315022.793,0,0,8035633.517,93088.01036,491814.0079,982334.3349,96701.68565,62163.76754,0,0,1655109.674,3763.318454,27071520.25,9.158761886,671304.322,1461204.811,2132509.134,0.721464594,18.4589,31.4796,68.5204,42.1868,7.2787,0.7215,9.1588,100
GammaTire SA,2021,29,29,1,2861569.826,21049284.39,7.355852092,16207122.71,3121317.187,13085805.53,156065.8593,1361717.242,0,0,8007878.809,65183.40444,454226.8308,985612.4873,102149.8786,61339.22415,0,0,1677586.255,3907.166959,28926724.01,10.1086906,666596.1726,1635725.691,2302321.864,0.804566026,19.2589,28.9532,71.0468,39.2643,7.3559,0.8046,10.1087,100
GammaTire SA,2022,29,29,1,2904792.315,23604209.07,8.125954116,15834495.56,3176229.177,12658266.38,158811.4588,1315830.827,0,0,9045636.96,36460.7429,482465.4519,793890.7241,94184.66167,59505.72306,0,0,1792963.399,4107.46408,29459541.51,10.1417032,714798.1195,1582283.298,2297081.417,0.790790242,20.0589,31.1177,68.8823,41.7835,8.126,0.7908,10.1417,100
GammaTire SA,2023,29,29,1,3172418.506,22838113.94,7.198960005,16513496.11,3444537.34,13068958.77,172226.867,1429058.453,0,0,8464022.443,8153.712285,458667.5592,742295.6576,102770.5007,58313.21047,0,0,1658876.134,4059.421277,29439713.21,9.279895811,667013.0917,1633619.847,2300632.938,0.725198436,20.8589,28.9926,71.0074,39.0532,7.199,0.7252,9.2799,100
IotaTire PLC,2009,41,41,0.9986,2171287.66,21025956.85,9.683634846,19175146.76,1517395.959,17657750.8,75869.79793,1741577.109,0,0,38040577.24,1921540.048,224317.101,5105792.474,222719.7542,158915.9739,0,0,1842639.673,7015.757578,68440241.89,31.52057792,2857358.364,2207218.85,5064577.213,2.33252245,7.9133,56.4185,43.5815,69.438,9.6836,2.3325,31.5206,99.86
IotaTire PLC,2010,41,41,0.9695,2384116.983,23037128.04,9.662750699,20917803.06,1822640.828,19095162.23,91132.04142,1694274.668,0,0,36895105.35,1910692.87,232565.2034,5232440.226,220008.6302,168085.7647,0,0,1862160.931,6171.992082,69139308.7,28.99996485,2803858.948,2386895.279,5190754.227,2.177222957,8.7133,54.0164,45.9836,67.2949,9.6628,2.1772,29,96.95
IotaTire PLC,2011,41,41,0.943,2459742.697,24193085.51,9.835616357,19629798.38,1867450.894,17762347.48,93372.54471,1932117.242,0,0,35105022.01,1761914.837,213694.7076,4381886.78,215973.7359,153281.6035,0,0,1939799.645,6422.045965,65339910.98,26.56371784,2625326.391,2220293.435,4845619.826,1.969970205,9.5133,54.1794,45.8206,67.0004,9.8356,1.97,26.5637,94.3
IotaTire PLC,2012,42,42,0.9881,2575924.898,25457470.85,9.882846687,22101044.54,2279357.481,19821687.06,113967.874,1787883.429,0,0,36602982.43,1439486.572,226815.5796,4599923.607,228838.8151,157497.6782,0,0,1826465.81,6945.104941,68977883.57,26.77790941,2691360.319,2477710.882,5169071.202,2.006685523,10.3133,52.0666,47.9334,65.3673,9.8828,2.0067,26.7779,98.81
IotaTire PLC,2013,42,42,0.9031,2461058.586,23951974.65,9.732387024,22563024.21,2507507.242,20055516.97,125375.3621,2012345.274,0,0,40986049.35,1400628.17,227017.4466,4048666.736,235377.4259,155188.9974,0,0,2121280.001,6304.493399,73755882.1,29.96916958,2907721.817,2506939.621,5414661.438,2.200135124,11.1133,53.7009,46.2991,66.6801,9.7324,2.2001,29.9692,90.31
IotaTire PLC,2014,42,42,0.8811,2494961.853,24032481.87,9.632404536,21635539.12,2577516.916,19058022.2,128875.8458,1963275.519,0,0,43481410,1301301.467,235349.3321,3716728.327,245250.4252,159210.4207,0,0,2171830.464,6847.37625,74916742.45,30.02720958,3016994.41,2382252.775,5399247.185,2.164060015,11.9133,55.8781,44.1219,68.4999,9.6324,2.1641,30.0272,88.11
IotaTire PLC,2015,43,43,1,2831505.095,27695157.99,9.781072986,22019406.66,2799403.643,19220003.02,139970.1821,1986774.014,0,0,42987560.94,1081500.848,247325.9931,3548446.725,242994.3474,154596.8238,0,0,2074427.502,6966.892454,74350000.74,26.25812006,2950196.539,2402500.377,5352696.917,1.890406952,12.7133,55.1161,44.8839,67.7119,9.7811,1.8904,26.2581,100
IotaTire PLC,2016,43,43,1,2781542.942,24436510.97,8.785235919,23709410.43,3203934.975,20505475.46,160196.7487,2130561.467,0,0,40717114.38,1001433.205,256320.9614,3504268.014,231274.0063,160083.3213,0,0,2179780.418,6099.052996,73896345.26,26.56667425,2817725.85,2563184.432,5380910.282,1.934505558,13.5133,52.3652,47.6348,65.0321,8.7852,1.9345,26.5667,100
IotaTire PLC,2017,43,43,1,2873597.425,24678809.35,8.588123423,23965383.69,3430248.6,20535135.09,171512.43,2293418.345,0,0,42724599.01,899671.9675,276251.4234,3153437.408,242177.0444,174384.7322,0,0,2089784.241,6667.570456,75825775.43,26.38705574,2891572.837,2566891.887,5458464.723,1.899523112,14.3133,52.9741,47.0259,65.3696,8.5881,1.8995,26.3871,100
IotaTire PLC,2018,44,44,1,2995172.417,26099598.46,8.713888495,24557004.8,3711385.423,20845619.38,185569.2712,2203109.098,0,0,45854685.05,756727.6268,283488.5156,2750290.766,275594.8651,153914.2549,0,0,2343614.187,7033.765072,79185462.93,26.4376977,3038167.907,2605702.423,5643870.33,1.884322351,15.1133,53.8313,46.1687,66.2058,8.7139,1.8843,26.4377,100
IotaTire PLC,2019,44,44,1,2821752.399,26297671.68,9.319624105,26494407.54,4216147.087,22278260.45,210807.3544,2400792.207,0,0,48257303.09,608064.1638,250029.8344,2666059.413,248360.203,174880.3052,0,0,2163733.236,7025.349858,83270655.34,29.51026297,3139543.934,2784782.557,5924326.49,2.099520316,15.9133,52.9941,47.0059,65.2997,9.3196,2.0995,29.5103,100
IotaTire PLC,2020,44,44,1,2946691.791,27455589.5,9.317428305,27032183.82,4517982.766,22514201.06,225899.1383,2408285.434,0,0,45845475.01,418068.8396,259608.2604,2245463.835,268534.6521,156030.487,0,0,2171033.954,6762.143861,80811446.44,27.42446518,2954820.403,2814275.132,5769095.536,1.957821158,16.7133,51.2181,48.7819,63.5689,9.3174,1.9578,27.4245,100
IotaTire PLC,2021,45,45,1,3122612.798,29438926.88,9.427658433,26815217.11,4696242.102,22118975.01,234812.1051,2204205.557,0,0,49662168.25,325294.313,296951.2221,2115063.158,257387.8296,166731.3889,0,0,2213074.525,6140.821854,84062234.17,26.92047962,3154616.038,2764871.876,5919487.914,1.895684255,17.5133,53.292,46.708,65.4786,9.4277,1.8957,26.9205,100
IotaTire PLC,2022,45,45,1,2955345.392,26451930.42,8.950537725,25245581.56,4623311.03,20622270.53,231165.5515,2269352.532,0,0,49832684.71,184546.9135,278500.1963,1912003.084,258953.0757,166326.9149,0,0,2448704.534,6059.000469,82602712.52,27.95027368,3147230.814,2577783.817,5725014.631,1.937172774,18.3133,54.9733,45.0267,66.69,8.9505,1.9372,27.9503,100
IotaTire PLC,2023,45,45,1,2909287.056,26294778.66,9.038220758,26340833.2,5034614.932,21306218.27,251730.7466,2415310.681,0,0,51876493.59,39478.1837,284178.4015,1485562.525,305268.5374,157011.5818,0,0,2464646.249,6222.67366,85375005.62,29.34567954,3219151.28,2663277.284,5882428.564,2.021948488,19.1133,54.7249,45.2751,66.3178,9.0382,2.0219,29.3457,100
ThetaDrive NV,2009,30,30,0.9474,4520121.784,25392531.57,5.617665361,10033567.7,957326.0617,9076241.641,47866.30309,1968072.188,0,0,34143537.55,177598.0513,204031.6762,426832.7461,370544.3542,81811.72925,0,0,1175376.534,4575.062524,48585947.6,10.74881384,2077629.985,1134530.205,3212160.19,0.710635762,9.5412,64.6801,35.3199,75.2981,5.6177,0.7106,10.7488,94.74
ThetaDrive NV,2010,30,30,0.9237,5023822.042,27624864.75,5.498774543,11581265.01,1197645.586,10383619.42,59882.27929,1929054.367,0,0,37235240.97,166730.4876,193430.75,433830.175,416790.4668,80139.05495,0,0,1088873.749,4407.81559,53129762.85,10.57556625,2248360.9,1297952.427,3546313.328,0.705899472,10.3412,63.4,36.6,74.5711,5.4988,0.7059,10.5756,92.37
ThetaDrive NV,2011,30,30,0.9837,4857398.26,30024099.47,6.181107224,11610359.97,1293537.244,10316822.73,64676.86221,2127539.489,0,0,36646183.13,162856.2978,212437.1317,375177.0742,385232.2227,77753.06083,0,0,1196462.233,4378.514451,52798379.13,10.86968297,2215136.052,1289602.841,3504738.893,0.72152595,11.1412,63.204,36.796,73.9805,6.1811,0.7215,10.8697,98.37
ThetaDrive NV,2012,31,31,0.9053,4982416.369,30574316.99,6.136443589,11592171.39,1384248.182,10207923.2,69212.40912,2075317.056,0,0,34279518.92,138526.1764,234552.0907,390393.1761,415925.0982,86074.9866,0,0,1231123.71,4414.494948,50448017.09,10.12521101,2087426.155,1275990.401,3363416.556,0.675057303,11.9412,62.0627,37.9373,72.9078,6.1364,0.6751,10.1252,90.53
ThetaDrive NV,2013,31,31,0.9464,5436627.761,31561106.92,5.805272737,12103564.3,1542143.315,10561420.98,77107.16575,2034312.516,0,0,39835246.57,136064.9073,227212.7324,336932.8239,455475.7643,81631.43943,0,0,1276499.159,4400.594559,56491340.8,10.39087892,2399435.041,1320177.623,3719612.664,0.684176447,12.7412,64.5077,35.4923,74.9734,5.8053,0.6842,10.3909,94.64
ThetaDrive NV,2014,31,31,0.873,4858612.342,26907574.07,5.538119152,11690519.34,1583040.449,10107478.89,79152.02247,2205088.325,0,0,37470894.53,125858.0866,241655.0041,351230.6738,416190.7024,84304.31527,0,0,1234975.227,4453.471803,53825169.67,11.07830094,2262791.721,1263434.861,3526226.582,0.725768251,13.5412,64.1703,35.8297,74.1838,5.5381,0.7258,11.0783,87.3
ThetaDrive NV,2015,32,32,1,5117640.822,30109436.52,5.883460283,12304355.87,1764596.331,10539759.54,88229.81655,2065405.436,0,0,42045856.35,99099.53078,238244.6391,321587.8885,450575.6081,87043.65833,0,0,1264979.009,4984.132858,58882132.12,11.505718,2518854.595,1317469.942,3836324.538,0.749627547,14.3412,65.658,34.342,75.5957,5.8835,0.7496,11.5057,100
ThetaDrive NV,2016,32,32,1,4991801.969,27088073.61,5.426512065,12851084.47,1945812.629,10905271.84,97290.63144,2255827.304,0,0,41095043.85,96182.95836,234226.3989,294849.5963,452612.2694,84200.09995,0,0,1236398.217,5083.74667,58605508.91,11.74035134,2461271.483,1363158.98,3824430.463,0.766142264,15.1412,64.3565,35.6435,74.2227,5.4265,0.7661,11.7404,100
ThetaDrive NV,2017,32,32,1,5499059.264,33749952.03,6.137404673,13213912.95,2106460.637,11107452.31,105323.0318,2202106.026,0,0,38178684.5,73978.45788,240102.8653,265576.9839,440490.4981,83929.38124,0,0,1267494.496,4903.121148,55971179.28,10.17831898,2294473.931,1388431.539,3682905.47,0.669733729,15.9412,62.3006,37.6994,72.4572,6.1374,0.6697,10.1783,100
ThetaDrive NV,2018,33,33,1,5839912.583,36148610.05,6.189923142,14097912.14,2360164.304,11737747.84,118008.2152,2186028.653,0,0,40965737.62,67581.47738,240333.6852,242751.3213,454459.2348,79192.78359,0,0,1247849.953,4578.576024,59586425.45,10.20330777,2448049.2,1467218.48,3915267.68,0.670432583,16.7412,62.5257,37.4743,72.6717,6.1899,0.6704,10.2033,100
ThetaDrive NV,2019,33,33,1,5637392.392,33599680.76,5.96014583,12830344.17,2250600.551,10579743.61,112530.0275,2509261.37,0,0,40361784.46,52762.40727,255686.696,215224.6663,501930.9479,82498.20489,0,0,1364329.243,4736.658474,58178558.82,10.32011873,2421890.402,1322467.952,3744358.354,0.664200413,17.5412,64.6811,35.3189,73.6336,5.9601,0.6642,10.3201,100
ThetaDrive NV,2020,33,33,1,5679264.18,30700087.7,5.405645297,14607575.16,2679209.38,11928365.78,133960.469,2420216.451,0,0,46790771.62,39703.77168,251535.4589,185325.7906,490885.3369,87569.2778,0,0,1422611.506,4715.303005,66300909.68,11.67420771,2781540.94,1491045.723,4272586.663,0.752313421,18.3412,65.102,34.898,74.3174,5.4056,0.7523,11.6742,100
ThetaDrive NV,2021,34,34,1,6008683.405,37116744.56,6.177184261,13749891.87,2631898.825,11117993.05,131594.9413,2616396.524,0,0,46009366.17,30160.68168,257015.6136,174675.1275,506552.6289,78489.52446,0,0,1427621.875,4414.328971,64854584.34,10.7934767,2737110.098,1389749.131,4126859.229,0.686815888,19.1412,66.3243,33.6757,74.7646,6.1772,0.6868,10.7935,100
ThetaDrive NV,2022,34,34,1,6092637.954,37163173.49,6.09968519,13671473.8,2726260.431,10945213.37,136313.0215,2709586.57,0,0,46553111.24,15285.35749,288049.1792,152674.7919,534642.5251,80396.48816,0,0,1544119.506,4930.866259,65554270.33,10.75958736,2775242.703,1368151.672,4143394.375,0.680065746,19.9412,66.9799,33.0201,75.0115,6.0997,0.6801,10.7596,100
ThetaDrive NV,2023,34,34,1,5904672.777,34605251.73,5.860655286,14438479.52,2994718.663,11443760.86,149735.9332,2374082.428,0,0,43423559.8,3520.737809,271605.5415,132207.8038,529029.9352,82725.83362,0,0,1429549.501,4823.306055,62689584.41,10.61694471,2589245.91,1430470.107,4019716.017,0.680768633,20.7412,64.4137,35.5863,73.1813,5.8607,0.6808,10.6169,100
VerdaTyres Corp,2009,53,53,0.9595,1287667.407,10733992.51,8.335997671,5280887.98,561095.1429,4719792.837,28054.75715,159571.4411,0,0,5551786.008,167057.6652,182524.7115,403030.4346,87500.6473,18230.96499,0,0,387829.3202,2289.462446,12240708.63,9.50611048,399706.5792,589974.1046,989680.6838,0.768584091,10.625,40.3874,59.6126,55.5544,8.336,0.7686,9.5061,95.95
VerdaTyres Corp,2010,53,53,0.862,1215645.14,9644463.884,7.93361777,4710754.107,538204.366,4172549.741,26910.2183,160876.9218,0,0,5766108.87,144393.3858,179792.3877,345110.515,85288.70817,18886.48369,0,0,438829.6105,2435.469952,11852476.46,9.749947638,407674.7108,521568.7176,929243.4285,0.764403524,11.425,43.8717,56.1283,58.8978,7.9336,0.7644,9.7499,86.2
VerdaTyres Corp,2011,53,53,0.9594,1220912.537,9573912.256,7.841603692,5055307.262,618012.0739,4437295.188,30900.60369,184254.0413,0,0,5910737.331,137720.1956,193639.9608,361692.9808,94760.12455,16887.84614,0,0,406256.5136,2322.99486,12363579.25,10.12650692,416039.5678,554661.8985,970701.4663,0.795062248,12.225,42.8597,57.1403,57.621,7.8416,0.7951,10.1265,95.94
VerdaTyres Corp,2012,54,54,0.8816,1270375.095,11274943.83,8.875287211,5595261.09,728783.5993,4866477.49,36439.17997,169751.939,0,0,6066090.152,123274.5553,205334.6812,321702.5276,89417.94895,16937.49933,0,0,454001.6156,2302.807019,13044074.82,10.26789243,423309.8355,608309.6863,1031619.522,0.812058994,13.025,41.0335,58.9665,55.8036,8.8753,0.8121,10.2679,88.16
VerdaTyres Corp,2013,54,54,0.9847,1368361.81,11158380.67,8.154554296,5157674.936,713049.3365,4444625.6,35652.46682,193257.5812,0,0,6065766.278,106780.7031,182762.8301,285749.7431,97012.73272,18478.13037,0,0,454313.121,2226.510514,12564022.57,9.181798613,418199.2498,555578.2,973777.4498,0.711637407,13.825,42.9461,57.0539,57.4107,8.1546,0.7116,9.1818,98.47
VerdaTyres Corp,2014,54,54,0.9994,1354620.762,11279336.91,8.326564323,5939198.605,868608.6902,5070589.915,43430.43451,193643.8676,0,0,5710027.203,106793.7644,207377.7567,287426.5779,93607.18316,18051.29818,0,0,441255.9543,2368.689985,12999750.9,9.596598003,398922.3023,633823.7394,1032746.042,0.762387578,14.625,38.6273,61.3727,52.8234,8.3266,0.7624,9.5966,99.94
VerdaTyres Corp,2015,55,55,1,1401007.02,12454601.66,8.889749647,5985163.224,923212.3284,5061950.896,46160.61642,180059.3523,0,0,6332425.691,87309.95268,219597.0826,282497.2978,96190.19862,18045.61442,0,0,489339.2503,2260.715758,13692888.38,9.773604401,435258.1257,632743.8619,1068001.988,0.762310233,15.425,40.7544,59.2456,54.975,8.8897,0.7623,9.7736,100
VerdaTyres Corp,2016,55,55,1,1502714.049,12532899.72,8.340176045,6025541.12,977644.9539,5047896.166,48882.24769,192141.2044,0,0,5952513.969,78656.73785,194293.1387,264639.9845,107710.2229,18589.94166,0,0,476274.9318,2224.364809,13312585.62,8.859027852,410300.0216,630987.0207,1041287.042,0.692937584,16.225,39.4032,60.5968,53.2947,8.3402,0.6929,8.859,100
VerdaTyres Corp,2017,55,55,1,1561904.22,13870715.64,8.88064419,5500562.522,936471.5976,4564090.925,46823.57988,194843.189,0,0,6151725.993,72736.70843,224096.1817,214997.7943,103306.9553,17793.82145,0,0,482999.1737,2536.311434,12965598.65,8.301148356,418969.8855,570511.3656,989481.2511,0.633509557,17.025,42.3424,57.6576,56.0729,8.8806,0.6335,8.3011,100
VerdaTyres Corp,2018,56,56,1,1485019.286,11740235.68,7.905779941,6051659.658,1078709.245,4972950.413,53935.46226,206683.1231,0,0,6422270.332,56947.82467,236815.8847,214564.8802,104829.2982,17702.79403,0,0,481253.4998,2288.236525,13795015.53,9.289452105,433407.3132,621618.8016,1055026.115,0.71044607,17.825,41.0802,58.9198,54.6333,7.9058,0.7104,9.2895,100
VerdaTyres Corp,2019,56,56,1,1494447.917,12560924.99,8.405060387,5871592.339,1093584.957,4778007.382,54679.24785,194311.5868,0,0,6410008.65,48606.77597,214199.0342,202847.5294,114255.411,16441.03579,0,0,500861.3989,2458.390539,13575582.15,9.084011558,431316.2593,597250.9227,1028567.182,0.688258969,18.625,41.9337,58.0663,55.3175,8.4051,0.6883,9.084,100
VerdaTyres Corp,2020,56,56,1,1493327.583,11648515.48,7.800375226,6695474.63,1300596.955,5394877.675,65029.84775,209844.4448,0,0,6989378.273,38161.72034,239624.6303,162949.5547,103092.578,17458.40477,0,0,526711.244,2381.04495,14985076.53,10.0346881,462030.8197,674359.7094,1136390.529,0.760978731,19.425,40.6577,59.3423,53.9187,7.8004,0.761,10.0347,100
VerdaTyres Corp,2021,57,57,1,1654041.646,14088879.67,8.517850629,6876437.262,1390760.472,5485676.79,69538.02358,197961.2961,0,0,7046201.44,24738.1574,246341.6571,146264.2616,106790.9208,17508.00974,0,0,536891.295,2308.859582,15201443.16,9.190483926,463919.1591,685709.5988,1149628.758,0.695042208,20.225,40.3538,59.6462,53.4623,8.5179,0.695,9.1905,100
VerdaTyres Corp,2022,57,57,1,1561144.64,13814939.97,8.84923768,6445587.267,1355185.693,5090401.574,67759.28467,228089.0882,0,0,7354114.238,13255.44656,256304.7491,140512.7844,123114.5941,18857.42631,0,0,585058.6479,2265.875309,15167160.12,9.715409917,484287.913,636300.1967,1120588.11,0.717799031,21.025,43.2173,56.7827,55.9992,8.8492,0.7178,9.7154,100
VerdaTyres Corp,2023,57,57,1,1653121.997,13073491.45,7.908364582,6522569.363,1423551.745,5099017.617,71177.58727,204176.8157,0,0,7289084.824,3420.324566,232737.9645,119489.3855,115841.8275,17435.68531,0,0,605909.9212,2583.414976,15113249.53,9.142246945,477146.3,637377.2022,1114523.502,0.674193135,21.825,42.8117,57.1883,55.4911,7.9084,0.6742,9.1422,100
ZetaTrac LLC,2009,45,45,0.9351,3974798.512,30315513.26,7.626930817,17800908.91,1217458.5,16583450.41,60872.92501,1803320.409,0,0,23344260.27,1193103.485,329053.2949,594731.9181,171829.796,76345.50811,0,0,1575257.282,3564.333876,46892375.22,11.79742195,1596404.887,2072931.302,3669336.188,0.923150237,6.8393,43.5066,56.4934,58.1931,7.6269,0.9232,11.7974,93.51
ZetaTrac LLC,2010,45,45,0.9145,3660300.615,28865558.6,7.886116919,20213963.11,1544206.347,18669756.76,77210.31737,1951415.85,0,0,24113095.94,1001019.099,344177.4744,559478.0411,162625.2033,74611.65845,0,0,1598036.285,3225.865313,50021648.52,13.66599462,1619965.586,2333719.595,3953685.181,1.080153134,7.6393,40.9736,59.0264,55.6884,7.8861,1.0802,13.666,91.45
ZetaTrac LLC,2011,45,45,0.8992,3840186.569,28901192.11,7.525986457,20927723.73,1766154.491,19161569.24,88307.72453,1899347.241,0,0,23596770.48,1030813.24,358596.1492,549568.2279,189695.6768,71783.93736,0,0,1815654.744,3173.847751,50443127.28,13.13559286,1607987.587,2395196.155,4003183.743,1.042445118,8.4393,40.1677,59.8323,54.7469,7.526,1.0424,13.1356,89.92
ZetaTrac LLC,2012,46,46,0.9882,3776608.698,32640304.67,8.642755257,20861234.31,1927433.119,18933801.19,96371.65597,2075080.211,0,0,25456306.72,904950.0423,344514.412,454978.7266,179950.9328,80775.26639,0,0,1790385.963,3606.57079,52151783.15,13.80915719,1690655.329,2366725.149,4057380.477,1.074344949,9.2393,41.6686,58.3314,56.0201,8.6428,1.0743,13.8092,98.82
ZetaTrac LLC,2013,46,46,0.8632,4468028.869,38513142.56,8.619716588,20224545.93,2030403.904,18194142.03,101520.1952,2128533.11,0,0,25300127.2,821832.4088,364252.9363,451860.5791,184387.4377,72968.2856,0,0,1801055.715,3213.148576,51352776.76,11.49338517,1675359.646,2274267.753,3949627.4,0.883975354,10.0393,42.4182,57.5818,56.4715,8.6197,0.884,11.4934,86.32
ZetaTrac LLC,2014,46,46,0.9859,4288801.77,34192705.98,7.97255453,22354796.57,2423104.641,19931691.93,121155.2321,2255922.51,0,0,27075581.89,722677.0641,362460.5897,413724.2107,196927.4325,80268.43473,0,0,1884658.95,3247.734418,55350265.39,12.90576444,1768605.787,2491461.491,4260067.278,0.993300112,10.8393,41.5159,58.4841,55.5364,7.9726,0.9933,12.9058,98.59
ZetaTrac LLC,2015,47,47,1,4568225.653,37284706.28,8.161747934,22947058.61,2670878.2,20276180.41,133543.91,2285316.866,0,0,26133702.15,718950.4025,396784.1529,414582.6448,202004.6553,81551.10383,0,0,1918031.192,3233.384505,55101215.16,12.06184181,1719980.822,2534522.551,4254503.373,0.931325135,11.6393,40.4273,59.5727,54.2072,8.1617,0.9313,12.0618,100
ZetaTrac LLC,2016,47,47,1,4163373.703,33697918.8,8.093897211,21817980.06,2714005.142,19103974.92,135700.2571,2160962.279,0,0,25010125.48,592699.2953,389096.9213,373913.351,188017.121,81149.77193,0,0,1790562.306,3624.227751,52408130.81,12.58789975,1633134.257,2387996.864,4021131.121,0.965834779,12.4393,40.6138,59.3862,54.2458,8.0939,0.9658,12.5879,100
ZetaTrac LLC,2017,47,47,1,4827094.499,40160297.88,8.319766246,23034086.42,3049553.015,19984533.4,152477.6508,2275821.707,0,0,27733669.99,534596.1391,435764.2578,345029.4546,216914.6213,78932.1779,0,0,1905485.999,3411.285841,56563712.05,11.71796244,1789533.933,2498066.675,4287600.608,0.888236311,13.2393,41.7374,58.2626,55.2542,8.3198,0.8882,11.718,100
ZetaTrac LLC,2018,48,48,1,4402140.732,33441999.38,7.596758353,21997368.71,3088277.743,18909090.97,154413.8872,2486431.491,0,0,27364440.15,444220.8813,418649.1019,302137.036,202460.3215,76292.66447,0,0,1982954.598,3437.104341,55278392.06,12.55716149,1758928.513,2363636.371,4122564.884,0.936490934,14.0393,42.6659,57.3341,55.7082,7.5968,0.9365,12.5572,100
ZetaTrac LLC,2019,48,48,1,4497982.828,35998441.4,8.003241181,23134204,3432955.153,19701248.85,171647.7576,2350064.314,0,0,27899662.19,353691.8572,446636.7944,296687.31,200328.9696,72060.49614,0,0,2101542.186,3306.364713,56858184.49,12.64081849,1787890.568,2462656.107,4250546.675,0.944989529,14.8393,42.0626,57.9374,55.1792,8.0032,0.945,12.6408,100
ZetaTrac LLC,2020,48,48,1,5026636.215,42093474.48,8.374084116,26035429.21,4071760.25,21963668.96,203588.0125,2577858.467,0,0,28434261.03,270516.748,410439.229,254601.8031,236018.7428,79507.26197,0,0,2048064.493,3476.716843,60350173.7,12.00607546,1804611.266,2745458.62,4550069.885,0.9051918,15.6393,39.6612,60.3388,52.5879,8.3741,0.9052,12.0061,100
ZetaTrac LLC,2021,49,49,1,5294832.222,41937931.5,7.920540206,24433595.75,4016713.392,20416882.36,200835.6696,2596015.266,0,0,31278511.84,190782.0812,467324.5605,240743.5,230534.433,77385.50052,0,0,2174603.562,3382.670832,61692879.16,11.65152673,1965654.429,2552110.295,4517764.724,0.853240393,16.4393,43.5094,56.4906,56.1868,7.9205,0.8532,11.6515,100
ZetaTrac LLC,2022,49,49,1,4931731.821,39403736.66,7.989837666,24105087.4,4155549.601,19949537.8,207777.4801,2412366.75,0,0,32533261.92,104241.8669,432697.1214,191132.9975,212759.5821,81306.74957,0,0,2027603.475,3573.063461,62104030.93,12.59274291,2012521.354,2493692.225,4506213.579,0.913718293,17.2393,44.661,55.339,57.3016,7.9898,0.9137,12.5927,100
ZetaTrac LLC,2023,49,49,1,5413895.816,46943633.1,8.670952433,23969679.53,4323963.661,19645715.87,216198.183,2508395.713,0,0,32249534.01,21845.37449,451939.0497,164515.0847,244829.8453,80402.61197,0,0,2315799.184,3241.374471,62010181.78,11.4538927,2006388.172,2455714.484,4462102.655,0.824194408,18.0393,44.9651,55.0349,57.3004,8.671,0.8242,11.4539,100
