Company,Year,Total no. of sites,ISO 14001 sites,% certified sites,Production,Water intake,Water intake - KPI,Total Electricity,Renewable Electricity Purchased,Non-Renewable Electricity Purchased,Self-generated AND consumed electricity on-site,Purchased Steam,Sold Electricity,Sold Steam,Natural Gas,Coal,Propane,Fuel Oil,Diesel,Petrol,Biomass,Waste tires,LPG,Other,Total energy,Total energy - KPI,Total CO2 - Scope 1,Total CO2 - Scope 2,Total CO2,Total CO2 - KPI,Total Waste,Waste Recovered,Recovery Rate,Elec_Canada_GJ,Elec_Chile_GJ,Elec_Mexico_GJ,Elec_United_States_GJ,Elec_Australia_GJ,Elec_Japan_GJ,Elec_Korea_GJ,Elec_New_Zealand_GJ,Elec_Austria_GJ,Elec_Belgium_GJ,Elec_Czech_Republic_GJ,Elec_Denmark_GJ,Elec_Finland_GJ,Elec_France_GJ,Elec_Germany_GJ,Elec_Hungary_GJ,Elec_Iceland_GJ,Elec_Ireland_GJ,Elec_Italy_GJ,Elec_Luxembourg_GJ,Elec_Netherlands_GJ,Elec_Norway_GJ,Elec_Poland_GJ,Elec_Portugal_GJ,Elec_Spain_GJ,Elec_Sweden_GJ,Elec_Switzerland_GJ,Elec_Turkey_GJ,Elec_United_Kingdom_GJ,Elec_China_GJ,Elec_India_GJ,Renewable_Electricity_Share_%,Scope1_Share_%,Scope2_Share_%,Fossil_Energy_Share_%,Water_per_ton,CO2_per_ton,Energy_per_ton,ISO_Certification_%,Waste_Recovery_Rate_%,Total_Electricity_by_Country_GJ
AlphaTread Ltd,2009,14.0,14.0,0.9578,805064.499064518,6776399.49598379,8.4172131597629,2951009.07198144,440098.898223628,2510910.17375781,22004.9449111814,429856.071295029,0.0,0.0,3776083.18282769,480409.1710231,279038.957447798,468207.070475802,61706.5419391179,21935.9772467058,0.0,0.0,958146.206354386,2229.65188358302,9428621.90247465,11.7116354198088,371328.655401407,313863.771719726,685192.427121133,0.851102523980779,8261.91,5701.32,69.0073,430227.0,0.0,277277.4,1471866.12,0.0,352932.984,0.0,0.0,0.0,0.0,0.0,0.0,0.0,137066.616,0.0,112413.42,0.0,0.0,110205.36,0.0,0.0,0.0,0.0,0.0,0.0,0.0,0.0,0.0,0.0,0.0,0.0,14.9135,54.1933,45.8067,64.1425,8.4172,0.8511,11.7116,95.78,69.0073,2891988.9
AlphaTread Ltd,2010,14.0,14.0,0.862,878191.969398113,7430771.62109679,8.46144337460707,3174018.51041717,498749.571020052,2675268.93939712,24937.4785510026,421355.410300434,0.0,0.0,3660133.2879811,416794.292440057,292278.926393798,459276.906286207,63352.4699422482,22344.786670075,0.0,0.0,917621.076473665,2390.52817021946,9429566.19507497,10.7374771390107,356813.101144115,334408.61742464,691221.718568754,0.787096378303821,8776.55,4914.51,55.9959,481319.172,0.0,317486.88,1515828.528,0.0,372451.248,0.0,0.0,0.0,0.0,0.0,0.0,0.0,165180.132,0.0,123654.204,0.0,0.0,122452.308,0.0,0.0,0.0,0.0,0.0,0.0,0.0,0.0,0.0,0.0,0.0,0.0,15.7135,51.6206,48.3794,61.8713,8.4614,0.7871,10.7375,86.2,55.9959,3098372.472
AlphaTread Ltd,2011,14.0,14.0,0.9902,840895.849070387,7137289.48163449,8.48772114825491,3313518.82326609,547178.110842165,2766340.71242393,27358.9055421082,402307.425395553,0.0,0.0,3850000.69373166,421654.660885086,272791.749541657,440181.091551469,66507.1268370072,20426.392038162,0.0,0.0,945953.725836061,2547.08006815908,9735888.76915091,11.577995990721,366920.273727762,345792.589052991,712712.862780753,0.847563778045354,9608.22,7841.51,81.6125,470324.88,0.0,327392.136,1651360.968,0.0,376089.264,0.0,0.0,0.0,0.0,0.0,0.0,0.0,164598.552,0.0,127038.6,0.0,0.0,130444.092,0.0,0.0,0.0,0.0,0.0,0.0,0.0,0.0,0.0,0.0,0.0,0.0,16.5135,51.4822,48.5178,61.8337,8.4877,0.8476,11.578,99.02,81.6125,3247248.492
AlphaTread Ltd,2012,15.0,15.0,0.861,925877.809777779,7870332.6777615,8.50040101906155,3155804.75672856,546380.427952633,2609424.32877593,27319.0213976317,459657.119155572,0.0,0.0,4252777.69934423,399854.434677705,282496.513918378,404869.054241662,68948.1211584556,22640.0275535341,0.0,0.0,992405.225529353,2542.84476561502,10041995.7970731,10.8459190737958,388264.168432293,326178.041096991,714442.209529284,0.771637684783437,11513.02,7997.62,69.4659,453976.236,0.0,326161.98,1549623.204,0.0,366825.132,0.0,0.0,0.0,0.0,0.0,0.0,0.0,150544.116,0.0,127379.556,0.0,0.0,128473.632,0.0,0.0,0.0,0.0,0.0,0.0,0.0,0.0,0.0,0.0,0.0,0.0,17.3135,54.3451,45.6549,63.9966,8.5004,0.7716,10.8459,86.1,69.4659,3102983.856
AlphaTread Ltd,2013,15.0,15.0,0.8512,899363.105969587,8419229.29338578,9.36132384962486,3247543.8374182,588244.029369665,2659299.80804853,29412.2014684832,451354.16932675,0.0,0.0,4389786.73891617,323471.296521278,277063.43222857,377782.346865662,67545.492838243,21127.3395758744,0.0,0.0,1014391.3128804,2441.08132237138,10172507.0478935,11.3107898026645,387271.977495334,332412.476006067,719684.453501401,0.800215673429835,7299.33,5023.87,68.8265,473808.312,0.0,329468.94,1570896.432,0.0,397146.204,0.0,0.0,0.0,0.0,0.0,0.0,0.0,160538.04,0.0,135574.956,0.0,0.0,125193.096,0.0,0.0,0.0,0.0,0.0,0.0,0.0,0.0,0.0,0.0,0.0,0.0,18.1135,53.8114,46.1886,63.6383,9.3613,0.8002,11.3108,85.12,68.8265,3192625.98
AlphaTread Ltd,2014,15.0,15.0,0.9451,855115.235934272,7330781.4532837,8.57285795554129,3425204.29309584,647826.200002604,2777378.09309324,32391.3100001302,479026.732966414,0.0,0.0,4427250.37910734,289938.707882863,298246.992114073,364429.221455721,63056.3839506196,22877.1063017862,0.0,0.0,1042716.05051884,2269.10199273299,10415014.9693862,12.1796624966074,387856.510844704,347172.261636655,735028.772481358,0.859566923372952,8882.48,5157.5,58.0637,523900.368,0.0,347680.368,1634640.984,0.0,408477.78,0.0,0.0,0.0,0.0,0.0,0.0,0.0,172833.12,0.0,134755.02,0.0,0.0,134412.588,0.0,0.0,0.0,0.0,0.0,0.0,0.0,0.0,0.0,0.0,0.0,0.0,18.9135,52.7675,47.2325,62.5134,8.5729,0.8596,12.1797,94.51,58.0637,3356700.228
AlphaTread Ltd,2015,16.0,16.0,1.0,953054.122075118,8561252.49246297,8.98296570379683,3467171.27205071,683500.997022928,2783670.27502778,34175.0498511464,423772.36202988,0.0,0.0,3996741.28717491,293733.891623399,328596.35519261,355310.693495092,73767.9785719079,22215.4341233747,0.0,0.0,984279.466556677,2218.33376294662,9947807.07458151,10.4378196832325,362740.696672223,347958.784378473,710699.481050696,0.745707368122248,9237.92,5313.08,57.5138,521356.392,0.0,347677.992,1693708.956,0.0,394693.452,0.0,0.0,0.0,0.0,0.0,0.0,0.0,164625.768,0.0,136738.332,0.0,0.0,139026.96,0.0,0.0,0.0,0.0,0.0,0.0,0.0,0.0,0.0,0.0,0.0,0.0,19.7135,51.04,48.96,60.8864,8.983,0.7457,10.4378,100.0,57.5138,3397827.852
AlphaTread Ltd,2016,16.0,16.0,1.0,908820.932901096,8613840.22897491,9.47803898120855,3753820.85045137,770040.244032916,2983780.60641845,38502.0122016458,496961.443201812,0.0,0.0,4661045.7178571,232076.47284691,302720.508405051,306725.828781994,74748.0301493517,23273.5822785932,0.0,0.0,1049716.47161157,2404.48907163973,10903493.3946554,11.9974056493723,392587.838027958,372972.575802307,765560.413830265,0.842366616035657,12913.99,9821.95,76.0567,571070.556,0.0,359771.436,1813401.18,399.6,468411.696,0.0,0.0,0.0,0.0,0.0,0.0,0.0,189688.608,0.0,142783.308,0.0,0.0,144168.804,0.0,0.0,0.0,0.0,0.0,0.0,0.0,0.0,0.0,0.0,0.0,0.0,20.5135,51.2811,48.7189,61.0145,9.478,0.8424,11.9974,100.0,76.0567,3689695.188
AlphaTread Ltd,2017,16.0,16.0,1.0,904609.119471776,8613765.71068549,9.52208586589896,3873796.18406391,825641.760082074,3048154.42398184,41282.0880041037,516402.840422593,0.0,0.0,4697104.89252188,222775.827233409,297580.134169757,313790.485310465,71102.0100833885,23437.3471762746,0.0,0.0,1140984.20241789,2496.35687754152,11159470.2802771,12.3362345570797,398817.547008427,381019.30299773,779836.850006156,0.862070515563145,11438.34,6306.72,55.1367,547266.888,0.0,379494.792,1924506.648,0.0,460071.864,0.0,0.0,0.0,0.0,0.0,0.0,0.0,183620.628,0.0,154266.948,0.0,0.0,147092.544,0.0,0.0,0.0,0.0,0.0,0.0,0.0,0.0,0.0,0.0,0.0,0.0,21.3135,51.1412,48.8588,60.6594,9.5221,0.8621,12.3362,100.0,55.1367,3796320.312
AlphaTread Ltd,2018,17.0,17.0,1.0,1026082.30459052,8800585.21430324,8.57688040708912,3908328.09343336,864268.345208477,3044059.74822488,43213.4172604239,459123.746421864,0.0,0.0,4839832.0249136,186689.481244945,314176.859630137,291189.792821424,74112.2278040039,21242.556747117,0.0,0.0,1163529.9733652,2256.13352730381,11260480.889909,10.9742472309789,404012.799892215,380507.46852811,784520.268420325,0.764578304206707,10545.87,7925.78,75.1553,576812.34,0.0,392103.504,1924219.476,0.0,457752.492,0.0,0.0,0.0,0.0,0.0,0.0,0.0,181738.908,0.0,149544.216,0.0,0.0,147990.636,0.0,0.0,0.0,0.0,0.0,0.0,0.0,0.0,0.0,0.0,0.0,0.0,22.1135,51.4981,48.5019,61.2143,8.5769,0.7646,10.9742,100.0,75.1553,3830161.572
AlphaTread Ltd,2019,17.0,17.0,1.0,921412.750099888,7806076.42432901,8.47185631356064,3708010.7633605,849635.247650169,2858375.51571033,42481.7623825085,528974.319205595,0.0,0.0,5009245.04068846,138097.127332392,343082.315468049,247911.223927332,81967.2254759098,22053.0281121412,0.0,0.0,1213376.32335534,2213.76541844009,11294931.1323442,12.2582752747015,410806.324446966,357296.939463792,768103.263910757,0.833614754980858,8945.01,7269.72,81.2712,532486.692,0.0,372894.768,1817663.364,0.0,443286.828,0.0,0.0,0.0,0.0,0.0,0.0,0.0,179460.864,0.0,144634.644,0.0,0.0,143423.424,0.0,0.0,0.0,0.0,0.0,0.0,0.0,0.0,0.0,0.0,0.0,0.0,22.9135,53.4832,46.5168,62.4877,8.4719,0.8336,12.2583,100.0,81.2712,3633850.584
AlphaTread Ltd,2020,17.0,17.0,1.0,1093951.36076644,9245090.60177174,8.45109840650911,4176844.08568692,990476.149109961,3186367.93657696,49523.8074554981,490700.722616697,0.0,0.0,4456392.97008353,108604.047118691,354710.819462056,219999.846082523,78949.4878336501,21966.0515377274,0.0,0.0,1135134.95429305,2387.85435187786,11045690.8390667,10.0970584572681,370956.432976583,398295.99207212,769252.425048702,0.703187045272059,10246.72,7634.44,74.5062,599916.996,0.0,389457.936,2074287.816,0.0,474846.984,0.0,0.0,0.0,0.0,0.0,0.0,0.0,213459.912,0.0,170988.264,0.0,0.0,170349.3,0.0,0.0,0.0,0.0,0.0,0.0,0.0,0.0,0.0,0.0,0.0,0.0,23.7135,48.223,51.777,57.7433,8.4511,0.7032,10.0971,100.0,74.5062,4093307.208
AlphaTread Ltd,2021,18.0,18.0,1.0,996618.535449073,9175783.83526849,9.20691669770512,3649139.61786021,894532.038414344,2754607.57944587,44726.6019207172,555225.306813975,0.0,0.0,4877319.29942108,79030.5679570103,362414.271044619,207067.20207871,77432.8940831468,20417.3785200473,0.0,0.0,1210033.27210819,2294.8597279503,11040374.6696149,11.077833972494,395221.427359956,344325.947430733,739547.374790689,0.742056612922066,10555.3,5849.47,55.4174,540437.724,0.0,343012.5,1808081.532,0.0,433813.752,0.0,0.0,0.0,0.0,0.0,0.0,0.0,178844.976,0.0,135356.796,0.0,0.0,136609.56,0.0,0.0,0.0,0.0,0.0,0.0,0.0,0.0,0.0,0.0,0.0,0.0,24.5135,53.441,46.559,61.9183,9.2069,0.7421,11.0778,100.0,55.4174,3576156.84
AlphaTread Ltd,2022,18.0,18.0,1.0,1025797.63845358,9648024.07577658,9.40538729482869,4183648.83816099,1059028.17586805,3124620.66229293,52951.4087934025,512898.697529779,0.0,0.0,4789953.74861171,42317.4028084237,350063.826857526,170602.425186788,75863.6631772162,21646.8909522289,0.0,0.0,1286395.50737247,2425.8730015302,11435816.8736587,11.1482191467105,387493.048964912,390577.582786617,778070.631751529,0.758503044444996,14318.04,9100.1,63.5569,583599.672,0.0,404650.404,2099571.228,0.0,492302.952,0.0,0.0,0.0,0.0,0.0,0.0,0.0,202591.944,0.0,154462.68,0.0,0.0,162796.968,0.0,0.0,0.0,0.0,0.0,0.0,0.0,0.0,0.0,0.0,0.0,0.0,25.3135,49.8018,50.1982,58.9312,9.4054,0.7585,11.1482,100.0,63.5569,4099975.848
AlphaTread Ltd,2023,18.0,18.0,1.0,1025797.6385,9648024.0758,9.405387,4236600.247,1059028.1759,3124620.6623,52951.4088,512898.6975,0.0,0.0,4789953.7486,42317.4028,350063.8269,170602.4252,75863.6632,21646.891,0.0,0.0,1286395.5074,2425.873,11488768.2825,11.199839,387539.5981,450577.5828,838117.1809,0.817039,14318.04,9100.1,63.5569,576688.536,0.0,398237.508,1964976.228,3999.6,0.0,0.0,0.0,0.0,0.0,0.0,0.0,0.0,0.0,0.0,151345.404,0.0,0.0,150333.84,0.0,0.0,0.0,0.0,0.0,0.0,0.0,0.0,0.0,0.0,0.0,0.0,24.9971,46.2393,53.7607,58.6596,9.4054,0.817,11.1998,100.0,63.5569,3245581.116
BetaRubber Inc,2009,35.0,35.0,0.9852,2606372.92782371,20924975.3015305,8.02838883037453,8636268.77073059,985405.75057723,7650863.02015336,49270.2875288615,1554673.58172141,0.0,0.0,8337416.06701891,81695.6431050626,91704.9218463313,1476189.06668259,49555.7556970924,55608.4444151535,0.0,0.0,1216947.29697272,1869.19233071743,21501928.7405206,8.24975141161952,671464.62676835,956357.87751917,1627822.50428752,0.624554716215047,35617.46,27380.23,76.8731,866108.4,,1043958.58,2927362.33,,2088920.81,,,,,,,,602253.73,,508782.15,,,426157.4,,,,,,,,,,,,,11.4101,41.2493,58.7507,52.6045,8.0284,0.6246,8.2498,98.52,76.8731,8463543.4
BetaRubber Inc,2010,35.0,35.0,0.8867,2478885.12308149,18925877.4384712,7.63483441094054,9869101.672817,1205025.86641033,8664075.80640667,60251.2933205167,1590272.03110758,0.0,0.0,8408076.09477286,75939.1500089207,91823.3412958411,1376317.44209533,48788.5264847897,51895.8048224315,0.0,0.0,1337441.2457759,1808.36867824694,22851463.6778589,9.21844399527976,673600.395704262,1083009.47580083,1756609.8715051,0.708628994199401,33639.83,26585.61,79.0302,970921.74,,1169557.59,3313939.41,,2486589.28,,,,,,,,658778.29,,590109.0,,,495559.4,,,,,,,,,,,,,12.2101,38.3466,61.6534,49.8528,7.6348,0.7086,9.2184,88.67,79.0302,9685454.71
BetaRubber Inc,2011,35.0,35.0,0.9655,2858846.60621519,20534599.1272476,7.18282648764888,9459400.76823597,1230676.23707685,8228724.53115911,61533.8118538425,1657891.93212578,0.0,0.0,9372581.41278289,68992.6119975191,91780.8913946925,1213435.13575183,52811.494537526,53735.4300431125,0.0,0.0,1401149.56346938,2016.37671645803,23373795.6170552,8.17595304562338,718454.034194845,1028590.56639489,1747044.60058974,0.611101203118636,28605.02,20295.98,70.9525,901528.21,,1082611.19,3417596.55,,2331787.37,,,,,,,,637463.57,,568826.49,,,485739.92,,,,,,,,,,,,,13.0101,41.124,58.876,52.4369,7.1828,0.6111,8.176,96.55,70.9525,9425553.3
BetaRubber Inc,2012,36.0,36.0,0.9393,3033585.924044,24927827.173129,8.21728073549941,10415901.8837558,1438445.07614072,8977456.80761503,71922.2538070359,1822469.35126285,0.0,0.0,9254289.35134013,63243.6720939797,106608.184955162,1203077.46630451,54469.382114665,56221.9469882599,0.0,0.0,1362966.20005176,1888.06344511203,24341135.5023122,8.0238820036004,709549.471547339,1122182.10095188,1831731.57249922,0.603817270505191,28851.67,20720.7,71.818,998400.39,,1193872.56,3656996.2,,2614556.76,,,,,,,,739133.33,,639083.78,,,545577.24,,,,,,,,,,,,,13.8101,38.7365,61.2635,49.7214,8.2173,0.6038,8.0239,93.93,71.818,10387620.26
BetaRubber Inc,2013,36.0,36.0,0.9456,2762917.11499754,22079400.0534007,7.99133637905759,10064155.3436755,1470381.81689589,8593773.52677959,73519.0908447945,1868983.83959577,0.0,0.0,8818602.87477075,53702.1426245151,100055.503731604,1082657.35931861,50893.8499655558,54460.0199306089,0.0,0.0,1319313.65050274,1879.28793157145,23414703.8720472,8.47463130361333,671630.436979815,1074221.69084745,1745852.12782726,0.631887260877465,32088.8,20446.93,63.7198,1036123.53,,1180022.08,3500957.33,,2409976.82,,,,,,,,671052.27,,631786.31,,,520114.55,,,,,,,,,,,,,14.6101,38.4701,61.5299,49.0357,7.9913,0.6319,8.4746,94.56,63.7198,9950032.89
BetaRubber Inc,2014,36.0,36.0,0.956,3036186.41913554,21650668.4525818,7.1308758632634,10106273.2036523,1557385.45836533,8548887.74528693,77869.2729182664,1886240.18929854,0.0,0.0,9230372.08155606,49557.2225651111,104608.365180306,1121707.49822659,54317.6203992959,55805.2170901731,0.0,0.0,1513906.99127384,2047.17320842953,24124835.5624506,7.94576887980395,708922.369304681,1068610.96816087,1777533.33746555,0.585449340746225,39081.24,25809.93,66.0417,977609.55,,1171087.09,3448851.65,,2539005.75,,,,,,,,722620.48,,616090.38,,,494193.42,,,,,,,,,,,,,15.4101,39.8824,60.1176,50.2898,7.1309,0.5854,7.9458,95.6,66.0417,9969458.32
BetaRubber Inc,2015,37.0,37.0,1.0,2952630.28853323,20843601.8842618,7.05933349163611,10237171.0427461,1659454.29714237,8577716.74560374,82972.7148571183,1992768.73338137,0.0,0.0,10105264.057042,49762.6121930355,106913.546380809,1022177.26217726,55192.0334829454,55006.3417192472,0.0,0.0,1398528.55284025,1875.56790058866,25024659.7498636,8.47537866391495,743989.500936162,1072214.59320047,1816204.09413663,0.615113954899806,43356.59,32484.15,74.9232,1029281.42,,1242184.98,3554202.49,,2494729.74,,,,,,,,706280.95,,630067.95,,,487002.37,,,,,,,,,,,,,16.2101,40.964,59.036,51.1284,7.0593,0.6151,8.4754,100.0,74.9232,10143749.9
BetaRubber Inc,2016,37.0,37.0,1.0,3044107.80220693,21575722.2291522,7.08769978957715,10432926.3502283,1774649.81292058,8658276.53730768,88732.4906460292,2012817.75002823,0.0,0.0,9622696.15219582,38610.5763875173,110094.244122936,858610.663653715,57073.6774018133,50016.8671567137,0.0,0.0,1470450.75716599,1983.95617531993,24655280.9945163,8.0993455542677,707234.933381407,1082284.56716346,1789519.50054487,0.587863379623906,26826.23,15087.63,56.2421,972399.72,,1266525.51,3639881.18,,2541442.08,,,,,,,,684753.97,,611012.73,,,508252.64,,,,,,,,,,,,,17.0101,39.5209,60.4791,49.521,7.0877,0.5879,8.0993,100.0,56.2421,10224267.83
BetaRubber Inc,2017,37.0,37.0,1.0,2903454.64687193,22764257.9399184,7.84040417660517,10304013.3561261,1835153.70776209,8468859.64836397,91757.6853881043,1986118.63763928,0.0,0.0,9262103.27108106,34516.578014618,107811.998740113,819427.071246038,59559.2159770548,53065.859783469,0.0,0.0,1589237.65736013,2068.01373214191,24217921.6597,8.3410711049995,690505.385606119,1058607.4560455,1749112.84165162,0.602424716203521,26747.82,17844.54,66.714,1019943.25,,1250806.25,3655124.91,,2458873.5,,,,,,,,712236.98,,626021.97,,,515362.25,,,,,,,,,,,,,17.8101,39.4775,60.5225,49.2519,7.8404,0.6024,8.3411,100.0,66.714,10238369.11
BetaRubber Inc,2018,38.0,38.0,1.0,3079466.53196724,22026057.8477774,7.15255633374481,10310804.7671031,1918849.70207908,8391955.06502403,95942.4851039541,2052864.08604715,0.0,0.0,11003047.763638,28887.2906625499,118152.922197571,807306.986145939,59777.7857038118,56313.5290523362,0.0,0.0,1671651.3485468,1869.26483131075,26110675.7439286,8.47896071377288,792202.384550224,1048994.383128,1841196.76767823,0.597894716037725,43098.45,31369.09,72.7847,996326.3,,1184163.19,3660177.68,,2455649.96,,,,,,,,727947.24,,645883.05,,,519431.24,,,,,,,,,,,,,18.6101,43.0265,56.9735,52.649,7.1526,0.5979,8.479,100.0,72.7847,10189578.66
BetaRubber Inc,2019,38.0,38.0,1.0,3020912.80316585,21868363.4427441,7.23899194304005,10716061.9318373,2079996.90707008,8636065.02476722,103999.845353504,2138070.43705767,0.0,0.0,10502472.7976019,22915.300903524,121493.299860727,732304.621757256,56386.3793637555,55040.9295313517,0.0,0.0,1654416.03523547,1842.61227950651,26001004.3454285,8.6070025980823,756650.073003511,1079508.1280959,1836158.20109941,0.607815690401644,32375.69,23429.89,72.3688,1028436.92,,1244951.29,3774191.92,,2552464.03,,,,,,,,756264.4,,644766.52,,,500665.61,,,,,,,,,,,,,19.4101,41.2083,58.7917,50.5629,7.239,0.6078,8.607,100.0,72.3688,10501740.69
BetaRubber Inc,2020,38.0,38.0,1.0,3507947.77554971,28888954.9145177,8.23528648740806,10896673.9436825,2202227.24662967,8694446.69705286,110111.362331484,1962125.42930694,0.0,0.0,10284948.4841548,18920.7208467922,128894.105005443,621630.267826723,62832.5102801134,50441.3682014131,0.0,0.0,1672620.68911909,2003.70351829251,25701091.2219422,7.32653188313635,737160.041967824,1086805.83713161,1823965.87909943,0.51995240402734,29766.79,17181.69,57.721,1037169.6,,1254570.2,3883631.66,,2607353.05,,,,,,,,748959.23,,676348.4,,,518859.95,,,,,,,,,,,,,20.2101,40.4152,59.5848,49.9679,8.2353,0.52,7.3265,100.0,57.721,10726892.09
BetaRubber Inc,2021,39.0,39.0,1.0,3186134.5118275,25487525.671778,7.99951338437339,12517963.0714401,2630034.88886376,9887928.18257633,131501.744443188,2199676.44813138,0.0,0.0,10156371.3804041,13789.9004812353,127982.442837795,548114.81532999,61224.1180599124,52991.7878159207,0.0,0.0,1656522.54221422,1913.83996070488,27336550.3466754,8.57984816560546,722859.811591271,1235991.02282204,1958850.83441331,0.614804813526143,43654.12,27331.88,62.6101,1162631.36,,1479082.13,4285307.43,,3136038.6,,,,,,,,866041.53,,747282.89,,,591219.87,,,,,,,,,,,,,21.0101,36.9022,63.0978,46.1613,7.9995,0.6148,8.5798,100.0,62.6101,12267603.81
BetaRubber Inc,2022,39.0,39.0,1.0,3662314.61256549,29520643.9183408,8.06065208517443,11319046.1178073,2468693.76691564,8850352.35089168,123434.688345782,2369206.66762937,0.0,0.0,11258891.7294544,7578.11427436542,128939.520281316,486544.753197263,65486.2139971809,58142.4455734836,0.0,0.0,1624719.12830314,2060.55941318,27320615.249931,7.45993125664119,778315.091760725,1106294.04386146,1884609.13562219,0.514595094904203,33847.39,25475.78,75.2666,1136675.88,,1388318.07,3826200.55,,2721806.71,,,,,,,,793324.6,,651168.13,,,575171.26,,,,,,,,,,,,,21.8101,41.2985,58.7015,49.8977,8.0607,0.5146,7.4599,100.0,75.2666,11092665.2
BetaRubber Inc,2023,39.0,39.0,1.0,3555347.09037518,27180944.8486943,7.64508897662252,12182625.4671502,2754502.17508702,9428123.29206317,137725.108754351,2331262.20712391,0.0,0.0,10811689.4406371,1689.91445915012,133883.339003932,393519.906376626,68243.1150717205,51894.7572033468,0.0,0.0,1708891.57610439,1998.39024812119,27685698.1133785,7.7870591561447,750268.422117362,1178515.4115079,1928783.83362526,0.542502260565992,49806.46,33162.55,66.5828,1220392.4,,1464995.44,4001467.54,,3096126.28,,,,,,,,833805.61,,737634.69,,,584551.0,,,,,,,,,,,,,22.6101,38.8985,61.1015,47.5762,7.6451,0.5425,7.7871,100.0,66.5828,11938972.96
DeltaGrip GmbH,2009,13.0,13.0,0.864,1452696.53163081,12590168.5665067,8.66675750397287,14755531.2517978,1452179.26669964,13303351.9850982,72608.9633349821,950320.100363432,0.0,0.0,19803087.537639,878520.674000613,398093.036388693,1723950.95583735,235949.402647952,18762.9242848224,0.0,0.0,841779.213729422,1229.3356946024,39607224.4323837,27.2646238013112,1419062.47398535,1662918.99813727,3081981.47212263,2.12155904899337,21323.2,15217.67,71.3667,1291961.628,,1050621.912,5971934.304,,3200173.416,,,,,,,,1418531.508,,1050608.772,,,739274.832,,,,,,,,,,,,,9.8416,46.0438,53.9562,60.346,8.6668,2.1216,27.2646,86.4,71.3667,14723106.37
DeltaGrip GmbH,2010,13.0,13.0,0.9327,1416120.73558858,11165188.9023937,7.88434815040903,15144708.8307046,1611638.20901816,13533070.6216864,80581.9104509078,981416.172019257,0.0,0.0,22933776.3407071,820981.874688961,393539.457244832,1656343.65883597,238218.618412554,20821.3846212385,0.0,0.0,819977.326704295,1200.16603280786,43010983.8299716,30.3723988704218,1582793.41129966,1691633.8277108,3274427.23901046,2.31225146043039,18984.84,13107.97,69.0444,1371323.34,,1035647.532,5923302.948,,3360048.012,,,,,,,,1457650.584,,992592.18,,,701250.048,,,,,,,,,,,,,10.6416,48.338,51.662,62.507,7.8843,2.3123,30.3724,93.27,69.0444,14841814.64
DeltaGrip GmbH,2011,13.0,13.0,0.8948,1460125.57782567,11893809.5802439,8.14574428451242,15693219.5242838,1795554.23840217,13897665.2858816,89777.7119201085,1002365.07309734,0.0,0.0,20903558.4311551,721831.354246073,407745.615648475,1512042.16593739,249114.794711541,19329.6028761025,0.0,0.0,815015.30001296,1084.74472168026,41325306.6066904,28.3025701585404,1449623.7178758,1737208.1607352,3186831.87861101,2.18257383269502,19399.17,13918.59,71.7484,1441213.776,,1066993.74,6049027.728,,3284904.456,,,,,,,,1545874.344,,1108403.064,,,776205.792,,,,,,,,,,,,,11.4416,45.4879,54.5121,59.5996,8.1457,2.1826,28.3026,89.48,71.7484,15272622.9
DeltaGrip GmbH,2012,14.0,14.0,0.9358,1597639.85046636,12288250.2135955,7.69150206788378,15535127.6364733,1901747.02981133,13633380.606662,95087.3514905664,952878.627461646,0.0,0.0,23564065.344906,680649.188163823,449389.610206721,1390460.11524196,259919.678462247,20467.8303326535,0.0,0.0,924989.803809017,1140.76171857168,43779088.5967759,27.4023514022867,1595236.25362592,1704172.57583275,3299408.82945866,2.06517684726977,17673.61,14035.02,79.4123,1331028.324,,1052666.136,6177217.464,,3269577.78,,,,,,,,1520041.824,,1089287.1,,,784606.428,,,,,,,,,,,,,12.2416,48.3492,51.6508,62.3382,7.6915,2.0652,27.4024,93.58,79.4123,15224425.06
DeltaGrip GmbH,2013,14.0,14.0,0.9253,1467326.68207818,11958584.1927053,8.14991258508861,16125775.941819,2103057.99638224,14022717.9454368,105152.899819112,1114814.37261949,0.0,0.0,22981963.5778368,603110.247820152,434997.596758937,1380406.39397749,255443.408871316,19950.8467606495,0.0,0.0,830283.159010152,1136.04218203241,43747881.5876561,29.814684161332,1547846.95044014,1752839.7431796,3300686.69361974,2.24945592139371,13249.25,10601.77,80.0179,1411913.736,,1072452.096,6254459.964,,3619874.268,,,,,,,,1568871.828,,1080200.988,,,795487.572,,,,,,,,,,,,,13.0416,46.8947,53.1053,60.591,8.1499,2.2495,29.8147,92.53,80.0179,15803260.45
DeltaGrip GmbH,2014,14.0,14.0,0.9008,1742406.57392104,14430090.4548448,8.28170110858335,15944504.2027661,2206973.30836041,13737530.8944057,110348.665418021,1136291.27336276,0.0,0.0,25068757.5580446,573398.107285084,439370.730656583,1212996.88969179,274342.766522948,20276.738796008,0.0,0.0,952417.666618925,1056.8430535707,45623412.7767984,26.184137192578,1657680.96667575,1717191.36180071,3374872.32847646,1.93690288993905,16868.27,9623.06,57.0483,1381749.408,,1074600.936,6155792.136,,3381099.048,,,,,,,,1616912.208,,1080609.444,,,784921.428,,,,,,,,,,,,,13.8416,49.1183,50.8817,62.5613,8.2817,1.9369,26.1841,90.08,57.0483,15475684.61
DeltaGrip GmbH,2015,15.0,15.0,1.0,1542347.16356845,12651242.3669829,8.20259061371914,16989233.0070071,2487494.27691554,14501738.7300916,124374.713845777,1187170.33097132,0.0,0.0,25216070.1525091,478718.413199473,428504.681362489,1191303.58420344,287109.666355875,19293.2631687279,0.0,0.0,947357.887507366,1215.30377234464,46745976.2900573,30.3083361478121,1655191.33486599,1812717.34126145,3467908.67612744,2.24846179773424,22020.89,14929.49,67.7969,1554651.072,,1150277.076,6586582.248,,3566024.892,,,,,,,,1642677.912,,1162915.236,,,822024.936,,,,,,,,,,,,,14.6416,47.7288,52.2712,61.1166,8.2026,2.2485,30.3083,100.0,67.7969,16485153.37
DeltaGrip GmbH,2016,15.0,15.0,1.0,1569801.50925453,13209354.4750612,8.41466541928221,15725573.713071,2428279.02138396,13297294.691687,121413.951069198,1101056.89454552,0.0,0.0,23380078.571185,427558.092256883,472816.366272585,1133723.28342926,262229.281526474,18157.1935730015,0.0,0.0,994515.503949215,1163.48108393989,43516872.3808929,27.7212578305891,1546390.77879431,1662161.83646088,3208552.61525519,2.04392249360167,13533.13,7884.02,58.2572,1409750.64,,1068463.656,6204852.108,,3460808.448,,,,,,,,1602498.06,,1050078.096,,,809820.684,,,,,,,,,,,,,15.4416,48.1959,51.8041,61.3331,8.4147,2.0439,27.7213,100.0,58.2572,15606271.69
DeltaGrip GmbH,2017,15.0,15.0,1.0,1657094.98311371,14192451.0236228,8.56465752913869,15660873.0890014,2543575.1993397,13117297.8896617,127178.759966985,1140329.41296607,0.0,0.0,24316586.2343879,352674.433281734,440327.443738908,1048451.44090987,300887.869879312,20021.9606699967,0.0,0.0,906317.91673896,1130.971435636,44187600.7730098,26.6657018597573,1581208.42714504,1639662.23620771,3220870.66335275,1.94368500066344,20540.19,11750.53,57.2075,1462133.664,,1142399.736,5989393.152,,3368517.696,,,,,,,,1614041.1,,1123476.876,,,758340.288,,,,,,,,,,,,,16.2416,49.0926,50.9074,61.9776,8.5647,1.9437,26.6657,100.0,57.2075,15458302.51
DeltaGrip GmbH,2018,16.0,16.0,1.0,1721191.82830258,14021791.1760709,8.14655923035552,17332228.9667677,2953687.84306275,14378541.1237049,147684.392153138,1157181.58435743,0.0,0.0,24807143.7495636,325702.58010779,464315.689009043,899506.335312022,287852.843280972,18650.1017592535,0.0,0.0,990024.39093594,1155.28000717086,46283761.5211008,26.8905305963168,1599788.40049344,1797317.64046311,3397106.04095655,1.97369403287648,16291.85,10590.15,65.0027,1557486.36,,1227603.348,6842010.816,,3798804.528,,,,,,,,1776115.116,,1157043.852,,,845157.348,,,,,,,,,,,,,17.0416,47.0927,52.9073,60.0521,8.1466,1.9737,26.8905,100.0,65.0027,17204221.37
DeltaGrip GmbH,2019,16.0,16.0,1.0,1942775.03186401,15096863.5499125,7.77077289048116,18624388.3908921,3322887.49454787,15301500.8963442,166144.374727394,1225533.42344153,0.0,0.0,25416276.2310887,252896.696581828,512542.612019953,865716.512374508,273268.294911052,19800.1595102854,0.0,0.0,998212.914294704,1215.43733743283,48189850.672452,24.8046479299335,1626934.64575906,1912687.61204303,3539622.25780209,1.8219413981278,25243.34,19985.3,79.1706,1678152.312,,1307893.86,7157108.124,,4075818.372,,,,,,,,1868513.616,,1270132.884,,,909730.908,,,,,,,,,,,,,17.8416,45.9635,54.0365,58.8089,7.7708,1.8219,24.8046,100.0,79.1706,18267350.08
DeltaGrip GmbH,2020,16.0,16.0,1.0,1773995.69092631,14933775.1511364,8.41815751161076,17949668.9932321,3346104.16060179,14603564.8326303,167305.20803009,1190370.89444291,0.0,0.0,27482955.3097997,195574.704727212,522140.761620547,776296.792765234,308060.183069762,20522.6216991441,0.0,0.0,1039614.23676034,1215.3000537891,49486419.7981707,27.8954565962507,1736065.05965248,1825445.60407878,3561510.66373126,2.00762080874705,18877.07,10484.69,55.5419,1586727.612,,1220220.936,7056012.996,,3798774.0,,,,,,,,1865065.248,,1268236.512,,,913557.6,,,,,,,,,,,,,18.6416,48.7452,51.2548,61.3226,8.4182,2.0076,27.8955,100.0,55.5419,17708594.9
DeltaGrip GmbH,2021,26.0,26.0,1.0,1773995.6909,14933775.1511,8.418158,18116974.2013,3346104.1606,14603564.8326,167305.208,1190370.8944,0.0,0.0,27482955.3098,195574.7047,522140.7616,776296.7928,308060.1831,20522.6217,0.0,0.0,1039614.2368,1215.3001,49653725.0062,27.989766,1736280.1918,1885445.6041,3621725.7959,2.041564,338000.0,290000.0,85.7988,1505483.316,3.6,1225916.532,7039948.68,,3932851.932,,,,,,,,1732910.544,,1175897.628,,,853553.664,,,,,,,,,,,,,18.4694,47.9407,52.0593,61.116,8.4182,2.0416,27.9898,100.0,85.7988,17466565.9
DeltaGrip GmbH,2022,17.0,17.0,1.0,1918287.24743646,16431095.7373897,8.56550329433074,19309124.032163,3908474.21458715,15400649.8175758,195423.710729358,1217722.73984052,0.0,0.0,29401768.9785588,74858.9982033401,553483.452460987,606177.957453692,304133.565717432,18269.9605333441,0.0,0.0,1137067.5007985,1075.99623224616,52623683.1819619,27.4326398469711,1826063.08069219,1925081.22719698,3751144.30788917,1.95546538345708,20221.77,14648.6,72.4398,1690994.376,,1287181.008,7825783.032,,4147906.104,,,,,,,,1816652.664,,1253968.2,,,900456.192,,,,,,,,,,,,,20.2416,48.6802,51.3198,60.9931,8.5655,1.9555,27.4326,100.0,72.4398,18922941.58
DeltaGrip GmbH,2023,17.0,17.0,1.0,2090046.63566831,17758979.5461843,8.49692980200209,19355776.9385323,4072763.72132273,15283013.2172096,203638.186066137,1390023.60163923,0.0,0.0,30606161.9349065,17496.8565793862,526020.574077665,523109.940248931,293342.117623715,19582.6265378483,0.0,0.0,1070831.65951802,1173.18353509663,53803519.4331987,25.7427363174576,1875600.22845299,1910376.6521512,3785976.88060419,1.81143177190091,20318.81,12056.86,59.3384,1687419.288,,1325786.832,7489426.464,,4427224.38,,,,,,,,1854328.68,,1358225.424,,,959117.148,,,,,,,,,,,,,21.0416,49.5407,50.4593,61.4416,8.4969,1.8114,25.7427,100.0,59.3384,19101528.22
EpsilonWheel Co,2009,19.0,19.0,0.9377,3922884.468241,24703414.1958075,6.29725764187095,15221251.8377115,1587933.14195562,13633318.6957559,79396.6570977807,2551176.60516159,0.0,0.0,15392691.906015,125940.853757886,352765.87926985,427071.977876597,289887.56022393,26788.9995859001,0.0,0.0,1391137.51113347,5002.04222420984,35783715.17296,9.12178665027196,1032548.90219842,1704164.83696949,2736713.73916791,0.697627921832488,58359.38,33863.06,58.0251,,,,,,,,,,,,,,,,706672.1,,,,,,,,,,,,,,,,10.4323,37.7295,62.2705,50.3338,6.2973,0.6976,9.1218,93.77,58.0251,706672.1
EpsilonWheel Co,2010,19.0,19.0,0.8953,4169368.98680293,24601252.1838566,5.90047373157078,13734979.7499311,1542759.98357122,12192219.7663598,77137.9991785612,2988971.47819191,0.0,0.0,15963508.6927835,126608.528165258,318688.910122735,426665.230819647,262380.82004737,27831.0484795357,0.0,0.0,1574872.16362383,4940.62605875565,35429447.2482236,8.49755619144441,1070790.4767531,1524027.47079498,2594817.94754808,0.622352676330954,60479.33,42355.25,70.0326,,,,,,,,,,,,,,,,665065.62,,,,,,,,,,,,,,,,11.2323,41.2665,58.7335,52.7965,5.9005,0.6224,8.4976,89.53,70.0326,665065.62
EpsilonWheel Co,2011,19.0,19.0,0.9129,4294525.9755239,26713947.7896204,6.22046482938352,14105205.4393953,1697186.64497463,12408018.7944207,84859.3322487314,2818900.47990098,0.0,0.0,15798230.4484216,117017.383791772,343821.386570631,408122.735763912,264079.041488548,27458.1798500006,0.0,0.0,1556219.18885468,5098.44803295759,35444152.7320704,8.25333294852094,1059822.79260363,1551002.34930259,2610825.14190622,0.607942566137981,41643.45,24195.09,58.1006,,,,,,,,,,,,,,,,707558.68,,,,,,,,,,,,,,,,12.0323,40.5934,59.4066,52.2513,6.2205,0.6079,8.2533,91.29,58.1006,707558.68
EpsilonWheel Co,2012,20.0,20.0,0.8649,4337335.90223497,26745076.7515307,6.16624521466029,15394750.4058323,1975507.11675354,13419243.2890788,98775.355837677,3149559.23178537,0.0,0.0,16892398.5578789,105921.373856835,339528.819364818,337747.115134297,308486.178502033,27835.8649615792,0.0,0.0,1649709.84387308,4863.44373595151,38210800.8349252,8.80973982560025,1122978.23994145,1677405.41113485,2800383.6510763,0.645646017324437,44918.45,26335.33,58.6292,,,,,,,,,,,,,,,,783708.47,,,,,,,,,,,,,,,,12.8323,40.1009,59.8991,51.4684,6.1662,0.6456,8.8097,86.49,58.6292,783708.47
EpsilonWheel Co,2013,20.0,20.0,0.8532,4264649.47854848,26710038.3315649,6.26312630520244,14999731.7565104,2044814.82433269,12954916.9321777,102240.741216634,2814714.46330368,0.0,0.0,17867876.1461983,91361.7790134662,381077.517046141,322480.844805701,285420.487382806,29697.557042601,0.0,0.0,1600099.11266373,4487.44510652988,38396947.1090733,9.00354115905959,1173369.13586329,1619364.61652221,2792733.7523855,0.654856575301948,51898.53,35152.2,67.7326,,,,,,,,,,,,,,,,692651.1,,,,,,,,,,,,,,,,13.6323,42.0151,57.9849,53.6045,6.2631,0.6549,9.0035,85.32,67.7326,692651.1
EpsilonWheel Co,2014,20.0,20.0,0.8504,4570050.69405455,28936371.7087117,6.33173976524083,15087547.4744031,2177486.54366061,12910060.9307425,108874.327183031,2880678.32890098,0.0,0.0,17365489.9232484,83980.3422483723,383511.097209388,293120.896373306,282068.158063976,29339.9552551059,0.0,0.0,1612066.21719057,4621.52872081506,38022423.9216141,8.31991294343401,1142772.93693218,1613757.61634282,2756530.55327499,0.603172861268502,66578.25,39875.91,59.8933,,,,,,,,,,,,,,,,760446.24,,,,,,,,,,,,,,,,14.4323,41.4569,58.5431,52.7431,6.3317,0.6032,8.3199,85.04,59.8933,760446.24
EpsilonWheel Co,2015,21.0,21.0,1.0,4161434.94471446,23135401.0617115,5.55947680765654,16984892.2219059,2587196.97597737,14397695.2459285,129359.848798868,3143056.52676528,0.0,0.0,19215752.4618474,78752.9911116828,399185.585552,296668.759014584,293047.548323707,28056.2351062387,0.0,0.0,1842590.83322693,4408.16765594049,42286411.3305095,10.1614976305754,1260981.43308345,1799711.90574106,3060693.33882451,0.735489892185379,38058.78,22620.3,59.4352,,,,,,,,,,,,,,,,815589.85,,,,,,,,,,,,,,,,15.2323,41.1992,58.8008,52.4009,5.5595,0.7355,10.1615,100.0,59.4352,815589.85
EpsilonWheel Co,2016,21.0,21.0,1.0,4688973.57435462,29727884.066266,6.33995555634107,16765295.7970526,2687869.66255053,14077426.1345021,134393.483127526,3176567.20338308,0.0,0.0,20293493.4152761,64628.0115151305,389180.137599401,270568.681878869,328907.087079445,27995.3575367972,0.0,0.0,1872604.70331421,4431.09026522717,43193671.4849009,9.21175408646784,1321787.73702676,1759678.26681276,3081466.00383952,0.65717282364161,51925.43,33843.7,65.1775,,,,,,,,,,,,,,,,847958.24,,,,,,,,,,,,,,,,16.0323,42.8948,57.1052,53.8315,6.34,0.6572,9.2118,100.0,65.1775,847958.24
EpsilonWheel Co,2017,21.0,21.0,1.0,4273865.5184733,26036824.9684531,6.09210206917179,15877686.4113038,2672586.57603751,13205099.8352663,133629.328801876,3148509.06975802,0.0,0.0,19703674.68189,60435.581017753,387647.079364788,273831.937121141,327787.318004539,27831.3699667326,0.0,0.0,1825069.84611802,4450.63605424007,41636923.930599,9.74221667729791,1285696.82579416,1650637.47940829,2936334.30520245,0.687044150666528,50452.43,40096.94,79.4747,,,,,,,,,,,,,,,,737648.91,,,,,,,,,,,,,,,,16.8323,43.7858,56.2142,54.3045,6.0921,0.687,9.7422,100.0,79.4747,737648.91
EpsilonWheel Co,2018,22.0,22.0,1.0,4827560.9997003,30540895.4937326,6.32636138531003,17839536.5258119,3145528.2011048,14694008.3247071,157276.41005524,3477603.66545812,0.0,0.0,20390724.7536003,48131.1947561573,403954.465612135,222499.643342454,324406.790303864,27830.3986294898,0.0,0.0,1807558.6732581,4447.5219805382,44546693.6327531,9.22757757706606,1318894.12954036,1836751.04058839,3155645.17012875,0.653672769815785,59574.56,41346.8,69.4035,,,,,,,,,,,,,,,,913736.27,,,,,,,,,,,,,,,,17.6323,41.7948,58.2052,52.1465,6.3264,0.6537,9.2276,100.0,69.4035,913736.27
EpsilonWheel Co,2019,22.0,22.0,1.0,4716102.03131572,28987681.920594,6.14653409279757,17416939.6708623,3210349.99312805,14206589.6777342,160517.499656403,3213081.40362625,0.0,0.0,21456855.7577192,38057.745881397,437470.296417472,197695.988040712,317850.942681977,29110.3105021494,0.0,0.0,1962838.15990358,4798.51335554519,45074698.7889906,9.55761739031235,1386281.47229646,1775823.70971678,3162105.18201324,0.670491257614089,56542.42,42738.37,75.5864,,,,,,,,,,,,,,,,811181.36,,,,,,,,,,,,,,,,18.4323,43.8405,56.1595,54.2315,6.1465,0.6705,9.5576,100.0,75.5864,811181.36
EpsilonWheel Co,2020,32.0,31.0,0.96875,4716102.0313,28987681.9206,6.146534,17577457.1705,3210349.9931,14206589.6777,160517.4997,3213081.4036,0.0,0.0,21456855.7577,38057.7459,437470.2964,197695.988,317850.9427,29110.3105,0.0,0.0,1962838.1599,4798.5134,45235216.2886,9.591653,1386323.3358,1835823.7097,3222147.0455,0.683223,338000.0,290000.0,85.7988,,,,799.2,,,,,,,,,,,,,,,,,,,,,,,,,,,,18.264,43.0248,56.9752,54.039,6.1465,0.6832,9.5917,96.88,85.7988,799.2
EpsilonWheel Co,2021,23.0,23.0,1.0,5024772.47346054,28707046.9046738,5.71310383829247,18948965.5748859,3795921.70590174,15153043.8689842,189796.085295087,3382142.24987629,0.0,0.0,19590468.7318956,23012.9430665981,422880.243067224,176274.558107833,357564.860188172,29417.2832972454,0.0,0.0,2051737.95735137,5116.70309803593,44987581.1048343,8.95315784793167,1285543.48381836,1894130.48362302,3179673.96744139,0.632799591272151,52357.49,31363.78,59.9031,,,,,,,,,,,,,,,,891970.34,,,,,,,,,,,,,,,,20.0323,40.43,59.57,50.3616,5.7131,0.6328,8.9532,100.0,59.9031,891970.34
EpsilonWheel Co,2022,23.0,23.0,1.0,5316054.40920758,32412818.6085591,6.09715704798262,19271053.2286039,4014611.83404299,15256441.3945609,200730.59170215,3332941.1548492,0.0,0.0,22765055.8641392,12913.548659646,423959.074498767,140452.046402877,371851.913400014,27182.0728623134,0.0,0.0,1930964.05649001,4379.81711896443,48280752.7770249,9.08206520486342,1454049.16394557,1907055.17432012,3361104.33826569,0.632255443519191,61353.76,43873.62,71.5093,,,,,,,,,,,,,,,,966204.56,,,,,,,,,,,,,,,,20.8323,43.2611,56.7389,53.1822,6.0972,0.6323,9.0821,100.0,71.5093,966204.56
EpsilonWheel Co,2023,23.0,23.0,1.0,5458771.57678953,33035847.5279592,6.05188311385409,18891636.2198759,4086703.47260535,14804932.7472705,204335.173630267,3463799.6623267,0.0,0.0,22166964.9268382,2521.27370675807,466318.867493252,121092.219678481,362259.591031325,27325.234651682,0.0,0.0,1977163.0312731,4924.23312627773,47484005.2600017,8.69866133653617,1422613.48461269,1850616.59340882,3273230.0780215,0.599627596058268,49498.9,34926.32,70.5598,,,,,,,,,,,,,,,,904977.73,,,,,,,,,,,,,,,,21.6323,43.4621,56.5379,52.9201,6.0519,0.5996,8.6987,100.0,70.5598,904977.73
EtaRoad AG,2009,53.0,53.0,0.9116,3447658.77609008,31892931.410067,9.25060555042402,23241507.7621899,1959321.25800436,21282186.5041855,97966.0629002181,974659.749552626,0.0,0.0,15944736.3169286,1181531.90202185,537945.357882378,3109395.75294555,211879.055688724,41158.0884655768,0.0,0.0,1962502.29293811,5063.32652600653,47210379.6051393,13.6934605978262,1410369.74680038,2660273.31302319,4070643.05982357,1.18069777904181,27846.64,16344.84,58.6959,2566805.09,,2327596.69,8609140.8,,4532519.52,,,,,,,,2052662.5,,1519608.7,,,1168344.31,,,,,,,,,,,,,8.4303,34.6473,65.3527,48.7058,9.2506,1.1807,13.6935,91.16,58.6959,22776677.61
EtaRoad AG,2010,53.0,53.0,0.9921,3493968.14546698,33870790.3306972,9.69407530937014,24714368.6407286,2281202.31799235,22433166.3227362,114060.115899618,972829.34190918,0.0,0.0,16605892.8025927,1061443.24252982,597411.347458375,3086899.44715013,234802.214934081,36952.1461470048,0.0,0.0,1940724.43750144,4914.20943217443,49256237.8303835,14.0975062678484,1438237.96795643,2804145.79034203,4242383.75829846,1.21420218550145,38193.94,24957.73,65.3447,2723723.48,,2359472.36,9078051.44,,5060530.74,,,,,,,,2131495.37,,1747851.18,,,1204250.75,,,,,,,,,,,,,9.2303,33.9016,66.0984,47.8499,9.6941,1.2142,14.0975,99.21,65.3447,24305375.32
EtaRoad AG,2011,53.0,53.0,0.9332,3875379.01491636,32648796.6448553,8.42467188865655,26883105.4224635,2696447.36607516,24186658.0563883,134822.368303758,1090631.0414044,0.0,0.0,16742347.873087,1018397.22741186,548793.157857628,2963804.8582343,216520.810062848,38828.9598574708,0.0,0.0,2218809.78898207,4591.92980459446,51725831.0691657,13.3472960631909,1443561.22443109,3023332.25704854,4466893.48147963,1.15263396542287,41563.71,26099.82,62.7947,2914461.98,,2747196.88,10008328.12,,5412324.34,,,,,,,,2413684.93,,1912617.3,,,1402871.97,,,,,,,,,,,,,10.0303,32.3169,67.6831,45.9192,8.4247,1.1526,13.3473,93.32,62.7947,26811485.52
EtaRoad AG,2012,54.0,54.0,0.9024,3714292.08243968,30885777.6163491,8.31538740918357,24215689.6266373,2622623.94542451,21593065.6812128,131131.197271226,1057537.62062627,0.0,0.0,17000994.570913,968742.540261467,571386.453710994,2430242.51197473,251126.277288522,41349.8175670952,0.0,0.0,2171072.35115132,5029.70019241529,48713171.4703231,13.1150621408122,1413574.38625697,2699133.2101516,4112707.59640857,1.10726553139224,48761.24,29648.49,60.8034,2538845.9,,2363999.56,9289452.41,,4625887.26,,,,,,,,2178620.12,,1711514.09,,,1190714.99,,,,,,,,,,,,,10.8303,34.3709,65.6291,48.1183,8.3154,1.1073,13.1151,90.24,60.8034,23899034.33
EtaRoad AG,2013,54.0,54.0,0.893,3608509.4292563,34177706.5328008,9.47141948852956,27523548.0789911,3201062.24649388,24322485.8324972,160053.112324694,1019264.38381742,0.0,0.0,18761616.6381002,811439.416506472,549387.208956462,2307490.47694102,231007.485053123,41323.3780606705,0.0,0.0,2186448.85548996,4980.37812681201,53436506.3000432,14.808470740523,1485878.76848827,3040310.72906215,4526189.49755042,1.2543100097935,48340.98,27978.87,57.8782,2839733.89,,2757646.93,10240653.46,,5493840.06,,,,,,,,2410697.74,,1839425.86,,,1391079.17,,,,,,,,,,,,,11.6303,32.8285,67.1715,46.5856,9.4714,1.2543,14.8085,89.3,57.8782,26973077.11
EtaRoad AG,2014,54.0,54.0,0.8667,3935092.26903582,34202688.8457199,8.69171203807638,26424520.0973384,3284638.51392846,23139881.58341,164231.925696423,1026313.07928472,0.0,0.0,18338789.2664802,773356.678124553,605987.67606418,2175011.25643776,261796.422455533,39828.4231763436,0.0,0.0,2047144.39300966,4817.47864284472,51697564.7710142,13.1375737178537,1446209.05767164,2892485.19792625,4338694.25559789,1.10256480889607,53501.16,39460.75,73.7568,2840466.7,,2666295.03,9901717.11,,5069059.07,,,,,,,,2477452.61,,1782538.15,,,1380712.53,,,,,,,,,,,,,12.4303,33.3328,66.6672,46.9011,8.6917,1.1026,13.1376,86.67,73.7568,26118241.2
EtaRoad AG,2015,55.0,55.0,1.0,3839388.45082484,32572111.966058,8.4836719137029,27583502.2866938,3649371.11776948,23934131.1689244,182468.555888474,1151731.25778001,0.0,0.0,18201652.6927015,650281.469568791,640137.85593182,2021266.82633861,270409.132922666,36508.3537252482,0.0,0.0,2277578.81784512,4811.29046965334,52837879.9839772,13.7620562911851,1430413.6558661,2991766.39611554,4422180.05198165,1.15179282029449,42701.83,25620.5,59.9986,2916925.63,,2739169.12,10267634.73,,5443278.02,,,,,,,,2414353.99,,1884022.03,,,1366448.72,,,,,,,,,,,,,13.2303,32.3463,67.6537,45.6162,8.4837,1.1518,13.7621,100.0,59.9986,27031832.24
EtaRoad AG,2016,55.0,55.0,1.0,4411508.61393138,40033053.6734846,9.07468559554927,28006246.8141965,3929351.32379711,24076895.4903994,196467.566189856,1150020.4963139,0.0,0.0,19823924.9556015,624140.26182306,612173.923277145,1854578.80959873,268640.114545114,38247.4167026927,0.0,0.0,2403800.73430098,4904.27358524516,54786677.7999449,12.4190345286714,1511350.70623452,3009611.93629993,4520962.64253444,1.0248110200346,43001.96,29333.56,68.2145,2898091.29,,2842352.97,10756029.99,,5170723.95,,,,,,,,2489310.5,,1977805.25,,,1311807.92,,,,,,,,,,,,,14.0303,33.4298,66.5702,46.7822,9.0747,1.0248,12.419,100.0,68.2145,27446121.87
EtaRoad AG,2017,55.0,55.0,1.0,4360393.95881412,40705504.9325659,9.33528147159355,28332263.6266913,4201750.46345481,24130513.1632365,210087.523172741,1094089.3636824,0.0,0.0,19961453.7512705,525071.735858682,617017.821780358,1938413.64379299,260765.160361392,40447.4942065266,0.0,0.0,2416621.2846966,5045.16828814662,55191189.0506288,12.6573859086895,1516747.32233945,3016314.14540456,4533061.46774401,1.03959906158958,52218.41,41627.57,79.7182,2897805.38,,2817696.16,10287172.39,,5760825.85,,,,,,,,2603975.69,,2020132.36,,,1378010.53,,,,,,,,,,,,,14.8303,33.4597,66.5403,46.6829,9.3353,1.0396,12.6574,100.0,79.7182,27765618.36
EtaRoad AG,2018,56.0,56.0,1.0,3967718.1662552,37273954.4861439,9.39430496932792,29517662.4722022,4613689.58207709,24903972.8901251,230684.479103854,1164899.30514787,0.0,0.0,18751901.4480513,400230.221675075,615714.191765591,1818851.79146736,268372.056230476,42290.793589197,0.0,0.0,2432677.09048865,4615.97789111248,55017215.3485088,13.8662105127379,1429256.43140399,3112996.61126563,4542253.04266962,1.14480234037305,55684.14,43323.84,77.8028,3188205.83,,3048854.41,10697386.55,,5960365.73,,,,,,,,2584864.05,,1987836.52,,,1413446.36,,,,,,,,,,,,,15.6303,31.4658,68.5342,44.231,9.3943,1.1448,13.8662,100.0,77.8028,28880959.45
EtaRoad AG,2019,56.0,56.0,1.0,4529393.87345369,38735763.1103191,8.55208537666494,29631434.6108683,4868523.94849294,24762910.6623754,243426.197424647,1284538.30435785,0.0,0.0,21849299.6587439,331735.67722413,637236.506765023,1513630.57638487,290200.426319727,40748.2024020293,0.0,0.0,2621016.96389058,4718.49676425273,58204559.4237206,12.8504080346935,1586331.24398925,3095363.83279692,4681695.07678617,1.03362507381509,58311.51,37422.36,64.1766,3332719.59,,2834352.31,11051963.09,,5949690.6,,,,,,,,2744360.02,,2036606.06,,,1500223.44,,,,,,,,,,,,,16.4303,33.8837,66.1163,46.8839,8.5521,1.0336,12.8504,100.0,64.1766,29449915.11
EtaRoad AG,2020,56.0,56.0,1.0,4776578.60390283,42947506.4806043,8.99126970202332,30919656.2911981,5327539.46593028,25592116.8252678,266376.973296514,1339012.05669516,0.0,0.0,21118974.105762,273952.420036984,716656.607576306,1297896.86878228,283207.796836187,41244.1709001794,0.0,0.0,2532953.24354132,4668.18474279132,58528221.7460713,12.2531683448587,1522756.41505319,3199014.60315847,4721771.01821167,0.988525764938449,67836.23,48589.94,71.6283,3235827.75,,2878627.42,11910069.31,,5755361.99,,,,,,,,2822057.91,,2121781.91,,,1577536.86,,,,,,,,,,,,,17.2303,32.2497,67.7503,44.8836,8.9913,0.9885,12.2532,100.0,71.6283,30301263.15
EtaRoad AG,2021,57.0,57.0,1.0,4222930.49576955,38970784.9004923,9.22837468898257,30561970.951242,5510405.09292501,25051565.858317,275520.25464625,1299463.96026186,0.0,0.0,21213095.8892739,187335.411079315,688342.978659136,1146447.65032177,300924.342530487,38296.09395154,0.0,0.0,2768322.25885665,4632.31065933635,58208831.8468361,13.7839900289973,1520609.38847972,3131445.73228963,4652055.12076934,1.10161773333226,57395.89,47032.61,81.9442,3235417.26,,3065642.62,11235010.62,,5959709.94,,,,,,,,2721541.71,,2168207.11,,,1565202.28,,,,,,,,,,,,,18.0303,32.6868,67.3132,45.2636,9.2284,1.1016,13.784,100.0,81.9442,29950731.54
EtaRoad AG,2022,57.0,57.0,1.0,4968549.21446769,47904184.761203,9.64148339755054,29959286.0056759,5641413.67355335,24317872.3321226,282070.683677667,1331728.03332445,0.0,0.0,21401175.6221963,107197.920333329,739279.418086522,1160814.09386716,273016.947337406,39896.4101500938,0.0,0.0,2730893.93531039,4447.96077217116,57747736.3470537,11.6226555991235,1523803.63215499,3039734.04151532,4563537.67367031,0.918484949365493,66468.82,44055.34,66.2797,3269604.49,,3067106.56,11087138.77,,5758458.85,,,,,,,,2657136.99,,2052530.85,,,1467451.98,,,,,,,,,,,,,18.8303,33.3908,66.6092,45.8143,9.6415,0.9185,11.6227,100.0,66.2797,29359428.49
EtaRoad AG,2023,57.0,57.0,1.0,4375696.05953912,41121267.5872846,9.39765171706551,32050968.0480251,6291690.74019706,25759277.307828,314584.537009853,1302759.71607695,0.0,0.0,22532361.8778825,23109.0408117506,753187.252387205,994394.803037398,288989.179937376,40872.3098233529,0.0,0.0,2694069.43172868,4828.30801703416,60685539.9677273,13.8687740514864,1566484.13337757,3219909.6634785,4786393.79685608,1.09385883565236,42160.94,23667.68,56.1365,3355627.81,,3361416.55,12091400.1,,6336044.75,,,,,,,,2936407.95,,2180356.11,,,1674656.86,,,,,,,,,,,,,19.6303,32.7279,67.2721,45.0384,9.3977,1.0939,13.8688,100.0,56.1365,31935910.13
GammaTire SA,2009,25.0,25.0,0.8543,2212407.96017868,17658954.867089,7.98178056892492,11518818.2665365,1112593.71766961,10406224.5488669,55629.6858834807,945130.533876578,0.0,0.0,6634101.87815869,385056.956705893,383667.618162382,2374228.32675538,72144.4832302815,56082.187668084,0.0,0.0,1393032.04449034,3759.69158958924,23766021.9871737,10.7421517256041,704380.046782636,1300778.06860836,2005158.115391,0.906323856848289,31568.1,20679.77,65.5084,1314643.32,,958861.62,3314408.652,,2262137.796,,,,,,,,1805585.472,,963029.16,,,812238.696,,,,,,,,,,,,,9.6589,35.1284,64.8716,47.5556,7.9818,0.9063,10.7422,85.43,65.5084,11430904.72
GammaTire SA,2010,25.0,25.0,0.9233,2393919.30365699,18839145.1852268,7.86958238585897,12819448.1898826,1340776.13818544,11478672.0516971,67038.806909272,1039242.30911334,0.0,0.0,6481122.04790206,384714.832984114,346564.740142738,2087839.56320592,79046.9068122174,58964.6480431678,0.0,0.0,1349727.8074679,4009.44001460331,24650680.4855686,10.2972061121324,669557.507956118,1434834.00646214,2104391.51441826,0.879056997119139,29739.33,19957.48,67.108,1461485.16,,977850.72,3795227.388,,2550013.704,,,,,,,,1919823.624,,1023710.84,,,834947.784,,,,,,,,,,,,,10.4589,31.8172,68.1828,43.7797,7.8696,0.8791,10.2972,92.33,67.108,12563059.22
GammaTire SA,2011,25.0,25.0,0.9138,2380614.32931305,18699237.4990249,7.85479498664565,12398464.5798975,1395933.50574293,11002531.0741545,69796.6752871464,1074069.27557317,0.0,0.0,6405255.86784847,326313.325699286,356694.638507902,1968343.68058822,73781.7751881207,61200.6517813467,0.0,0.0,1422093.797347,3823.81989536154,24090041.4123263,10.1192541419667,654954.682086639,1375316.38426932,2030271.06635595,0.852834934813574,27284.08,15430.26,56.5541,1462346.784,,964421.028,3778890.084,,2389076.172,,,,,,,,1749271.968,,935459.98,,,871029.324,,,,,,,,,,,,,11.2589,32.2595,67.7405,44.0743,7.8548,0.8528,10.1193,91.38,56.5541,12150495.34
GammaTire SA,2012,26.0,26.0,0.9226,2315240.23487918,18125965.6419007,7.82897833617107,14041807.9619962,1693290.72558178,12348517.2364144,84664.5362790889,1069271.89845718,0.0,0.0,6570921.53338086,292217.035980233,369757.092906924,1869908.50654439,76309.1998694471,56121.1058627993,0.0,0.0,1404966.22095212,3881.26367804465,25755161.8196282,11.1241854869424,653093.279610234,1543564.6545518,2196657.93416203,0.948781859035318,28541.19,16476.92,57.7303,1614938.256,,1145920.392,4032567.0,,2898751.536,,,,,,,,2149711.416,,1076315.68,,,942119.136,,,,,,,,,,,,,12.0589,29.7312,70.2688,41.328,7.829,0.9488,11.1242,92.26,57.7303,13860323.42
GammaTire SA,2013,26.0,26.0,0.933,2670027.82732128,20815877.7477757,7.79612764135847,12552020.4375032,1614054.56759024,10937965.869913,80702.7283795121,1154092.99279419,0.0,0.0,6955414.41712059,301475.75492922,402540.53047562,1831139.08683559,81521.2570529234,57778.3621369295,0.0,0.0,1327197.81771088,4310.83001805779,24667491.4865772,9.2386645690225,670779.930208417,1367245.73373912,2038025.66394754,0.763297536862079,39800.71,25912.38,65.1053,1422897.732,,991091.16,3765045.42,,2519340.84,,,,,,,,1847588.58,,949138.35,,,805877.928,,,,,,,,,,,,,12.8589,32.9132,67.0868,44.4365,7.7961,0.7633,9.2387,93.3,65.1053,12300980.01
GammaTire SA,2014,26.0,26.0,0.9733,2529056.84152052,18809481.1188842,7.437350086436,12723263.5939337,1737860.70094104,10985402.8929926,86893.0350470519,1137696.86171266,0.0,0.0,6615082.40160995,242431.929125243,410958.469105557,1670994.22919786,90827.9380545795,57136.6263305187,0.0,0.0,1524199.26086561,4095.16432462604,24476686.4742603,9.67818756479366,645895.528001742,1373175.36162408,2019070.88962582,0.79834935161517,33990.6,23819.56,70.0769,1515221.892,,1059222.312,3668573.988,,2542776.048,,,,,,,,1815231.888,,1014671.18,,,851111.568,,,,,,,,,,,,,13.6589,31.9897,68.0103,43.3708,7.4374,0.7983,9.6782,97.33,70.0769,12466808.88
GammaTire SA,2015,27.0,27.0,1.0,2715195.65678047,19619238.0279307,7.22571796214278,14007545.4767961,2025340.13052257,11982205.3462736,101267.006526129,1130359.67874464,0.0,0.0,7215458.6091321,242395.147564042,448518.549651992,1559992.56930456,87712.59331354,61918.8641468542,0.0,0.0,1552245.53511356,4315.03489193528,26310462.0586593,9.69007960548113,675041.418316619,1497775.66828419,2172817.08660081,0.80024328308525,23979.86,13949.85,58.1732,1647983.412,,1109138.004,4093230.924,,2831334.732,,,,,,,,2004296.724,,1059306.81,,,982103.976,,,,,,,,,,,,,14.4589,31.0676,68.9324,42.4643,7.2257,0.8002,9.6901,100.0,58.1732,13727394.58
GammaTire SA,2016,27.0,27.0,1.0,2526965.15889673,18214336.931318,7.20798894562928,14626600.8926119,2231861.67984432,12394739.2127676,111593.083992216,1100272.16718268,0.0,0.0,7052187.20075412,187825.459713297,391136.565680908,1483280.87813078,89236.5474902207,58819.1230521233,0.0,0.0,1461699.68798048,4160.00216021867,26455218.5247567,10.4691663166053,645946.827944419,1549342.40159595,2195289.22954037,0.86874534926268,24170.85,19580.08,81.007,1669565.844,,1225109.916,4187519.748,,3039742.044,,,,,,,,2200067.748,,1227811.27,,,980224.704,,,,,,,,,,,,,15.2589,29.4242,70.5758,40.5529,7.208,0.8687,10.4692,100.0,81.007,14530041.27
GammaTire SA,2017,27.0,27.0,1.0,2795235.62506679,20969378.5200476,7.50182858718629,15000620.8107392,2408938.05539483,12591682.7553444,120446.902769741,1269558.60003246,0.0,0.0,7948758.88575733,177345.566353775,445184.54647692,1475873.78640694,88712.0520403678,61285.3415818256,0.0,0.0,1596660.54029639,4289.79332141847,28068289.9230066,10.0414754560578,705798.707923435,1573960.34441805,2279759.05234148,0.815587434525134,33198.96,26947.98,81.1712,1747748.556,,1177522.956,4444635.096,,2892990.276,,,,,,,,2207454.372,,1172281.99,,,1057975.164,,,,,,,,,,,,,16.0589,30.9594,69.0406,42.0336,7.5018,0.8156,10.0415,100.0,81.1712,14700608.41
GammaTire SA,2018,28.0,28.0,1.0,2908144.10799124,20470914.9199904,7.03916799162003,14072689.1458379,2372503.74257743,11700185.4032605,118625.187128871,1176328.50180262,0.0,0.0,8066114.55037366,147824.979563563,428049.279960944,1189065.69212892,94425.0967062602,62796.1259598342,0.0,0.0,1705091.9783383,4026.97160152083,26946412.3222736,9.2658449243378,692889.863908694,1462523.17540756,2155413.03931626,0.741164453781169,24190.31,15139.75,62.586,1723438.044,,1142345.844,4104612.972,,2781616.428,,,,,,,,2015555.904,,1065149.56,,,958516.632,,,,,,,,,,,,,16.8589,32.1465,67.8535,43.4098,7.0392,0.7412,9.2658,100.0,62.586,13791235.38
GammaTire SA,2019,28.0,28.0,1.0,2817312.43920188,19862304.5045875,7.05008937887427,14053893.0094941,2481766.06061313,11572126.948881,124088.303030657,1224988.80402883,0.0,0.0,7690407.64668711,113810.584096404,422515.048358065,1235091.89028057,98556.1327883277,61583.6280044951,0.0,0.0,1741998.13376544,4348.52530736431,26647193.4028107,9.45837353075388,674110.195461582,1446515.86861012,2120626.06407171,0.752712420022701,29507.02,20878.79,70.7587,1554208.38,,1133141.436,4254073.956,,2758144.968,,,,,,,,2035735.164,,1061214.75,,,976296.492,,,,,,,,,,,,,17.6589,31.7883,68.2117,42.6623,7.0501,0.7527,9.4584,100.0,70.7587,13772815.15
GammaTire SA,2020,28.0,28.0,1.0,2955805.66355614,21514449.8781082,7.2787092004635,14335889.1443455,2646250.65239005,11689638.4919555,132312.532619503,1315022.79338362,0.0,0.0,8035633.51668191,93088.0103610533,491814.007918528,982334.334935714,96701.6856465046,62163.7675371357,0.0,0.0,1655109.67415915,3763.31845358131,27071520.2534227,9.15876188587204,671304.322007709,1461204.81149443,2132509.13350214,0.721464594169737,37813.97,22457.97,59.3907,1704725.604,,1126834.848,4277726.928,,,,,,,,,,2070012.276,,1082701.06,,,996505.668,,,,,,,,,,,,,18.4589,31.4796,68.5204,42.1868,7.2787,0.7215,9.1588,100.0,59.3907,11258506.38
GammaTire SA,2021,29.0,29.0,1.0,2861569.8259637,21049284.3912183,7.35585209217445,16207122.7142103,3121317.18667285,13085805.5275375,156065.859333643,1361717.24208918,0.0,0.0,8007878.80888891,65183.4044391742,454226.830761412,985612.487253803,102149.878635961,61339.224150866,0.0,0.0,1677586.25528475,3907.16695904418,28926724.0126734,10.1086906040924,666596.172601289,1635725.69094219,2302321.86354347,0.804566026190927,40240.67,22623.67,56.2209,1802945.988,,1246136.472,4878399.816,,3308010.372,,,,,,,,2283029.352,,1273600.07,,,1090858.212,,,,,,,,,,,,,19.2589,28.9532,71.0468,39.2643,7.3559,0.8046,10.1087,100.0,56.2209,15882980.28
GammaTire SA,2022,29.0,29.0,1.0,2904792.31536067,23604209.0721299,8.12595411634413,15834495.5602383,3176229.17673293,12658266.3835053,158811.458836647,1315830.82658195,0.0,0.0,9045636.9597092,36460.7428979758,482465.45189529,793890.724059066,94184.6616656635,59505.7230610986,0.0,0.0,1792963.39916363,4107.46408034467,29459541.5133525,10.1417031977016,714798.119469775,1582283.29793817,2297081.41740794,0.790790241787982,42960.14,33396.01,77.7372,1964426.652,,1262793.816,4709884.968,,3095139.42,,,,,,,,2269805.796,,1312961.2,,,1143097.092,,,,,,,,,,,,,20.0589,31.1177,68.8823,41.7835,8.126,0.7908,10.1417,100.0,77.7372,15758108.94
GammaTire SA,2023,29.0,29.0,1.0,3172418.50601811,22838113.9436205,7.19896000489734,16513496.1138054,3444537.33977354,13068958.7740318,172226.866988677,1429058.45288931,0.0,0.0,8464022.44306008,8153.71228508666,458667.559200995,742295.657641304,102770.500714673,58313.2104712101,0.0,0.0,1658876.13376658,4059.42127697847,29439713.2051116,9.27989581111829,667013.091692505,1633619.84675398,2300632.93844648,0.725198435856481,47580.01,38972.4,81.9092,1921297.032,,1308067.488,4989218.256,,3295854.972,,,,,,,,2328039.144,,1267504.07,,,1073245.212,,,,,,,,,,,,,20.8589,28.9926,71.0074,39.0532,7.199,0.7252,9.2799,100.0,81.9092,16183226.17
IotaTire PLC,2009,41.0,41.0,0.9986,2171287.66030834,21025956.848531,9.68363484622074,19175146.7556529,1517395.95850429,17657750.7971486,75869.7979252143,1741577.10852613,0.0,0.0,38040577.2403286,1921540.0478888,224317.10103129,5105792.4744795,222719.754222474,158915.973899323,0.0,0.0,1842639.67347078,7015.75757806416,68440241.8870778,31.5205779216553,2857358.36376234,2207218.84964358,5064577.21340591,2.3325224501514,20725.78,11860.18,57.2243,1952125.68,,1557713.94,8620569.54,,3807540.01,,,,,,,,1480483.61,,1142723.86,,,600773.6,,,,,,,,,,,,,7.9133,56.4185,43.5815,69.438,9.6836,2.3325,31.5206,99.86,57.2243,19161930.24
IotaTire PLC,2010,41.0,41.0,0.9695,2384116.98260828,23037128.0393977,9.66275069866517,20917803.0577013,1822640.82843274,19095162.2292685,91132.0414216372,1694274.66806198,0.0,0.0,36895105.354761,1910692.87048237,232565.203399868,5232440.22563342,220008.630177723,168085.764725865,0.0,0.0,1862160.93136517,6171.99208231416,69139308.698391,28.9999648518719,2803858.94836845,2386895.27865856,5190754.22702702,2.17722295713368,26077.69,18838.58,72.2402,1992329.47,,1573995.16,9707679.43,,3789915.93,,,,,,,,1673818.46,,1175150.73,,,586557.82,,,,,,,,,,,,,8.7133,54.0164,45.9836,67.2949,9.6628,2.1772,29.0,96.95,72.2402,20499447.0
IotaTire PLC,2011,41.0,41.0,0.943,2459742.69735446,24193085.5080562,9.83561635697779,19629798.3764144,1867450.8942934,17762347.482121,93372.5447146701,1932117.2421693,0.0,0.0,35105022.0077461,1761914.83691312,213694.707611721,4381886.77994898,215973.735911678,153281.603483814,0.0,0.0,1939799.64546512,6422.04596458327,65339910.9816288,26.5637178441079,2625326.39112758,2220293.43526513,4845619.82639271,1.96997020525942,20214.01,14674.36,72.595,1880024.46,,1579587.17,8739850.17,,3789104.09,,,,,,,,1476129.2,,1185177.88,,,587329.44,,,,,,,,,,,,,9.5133,54.1794,45.8206,67.0004,9.8356,1.97,26.5637,94.3,72.595,19237202.41
IotaTire PLC,2012,42.0,42.0,0.9881,2575924.89825787,25457470.847765,9.88284668741011,22101044.537683,2279357.48061159,19821687.0570714,113967.874030579,1787883.42915327,0.0,0.0,36602982.4344282,1439486.57192847,226815.579602399,4599923.60728104,228838.815131069,157497.678242867,0.0,0.0,1826465.81016318,6945.10494088683,68977883.5685544,26.7779094084633,2691360.31947994,2477710.88213392,5169071.20161386,2.00668552297847,34508.26,26850.58,77.8091,2267793.48,,1790400.37,9791586.31,,4002896.93,,,,,,,,1842492.98,,1341531.24,,,682692.69,,,,,,,,,,,,,10.3133,52.0666,47.9334,65.3673,9.8828,2.0067,26.7779,98.81,77.8091,21719394.0
IotaTire PLC,2013,42.0,42.0,0.9031,2461058.5858162,23951974.6462958,9.73238702416025,22563024.2094381,2507507.24230131,20055516.9671368,125375.362115065,2012345.27427659,0.0,0.0,40986049.3511825,1400628.16956556,227017.446610899,4048666.73616188,235377.42587795,155188.997402298,0.0,0.0,2121280.00058084,6304.49339930321,73755882.1044959,29.9691695799412,2907721.81685568,2506939.62089209,5414661.43774777,2.20013512435423,27983.85,16277.46,58.1673,2171733.0,,1838537.25,10306655.69,,4158590.31,,,,,,,,1803524.72,,1294784.87,,,682439.29,,,,,,,,,,,,,11.1133,53.7009,46.2991,66.6801,9.7324,2.2001,29.9692,90.31,58.1673,22256265.13
IotaTire PLC,2014,42.0,42.0,0.8811,2494961.85289172,24032481.8687967,9.63240453594208,21635539.1161511,2577516.9156363,19058022.2005148,128875.845781815,1963275.51886758,0.0,0.0,43481410.0019657,1301301.46731609,235349.332066177,3716728.3271205,245250.425174808,159210.420744444,0.0,0.0,2171830.46380492,6847.37624968482,74916742.449461,30.0272095794294,3016994.40991266,2382252.77506435,5399247.18497701,2.16406001507364,24657.59,18871.46,76.5341,2122524.7,,1723092.44,9466295.76,,3934995.93,,,,,,,,1712235.45,,1295528.14,,,655558.17,,,,,,,,,,,,,11.9133,55.8781,44.1219,68.4999,9.6324,2.1641,30.0272,88.11,76.5341,20910230.59
IotaTire PLC,2015,43.0,43.0,1.0,2831505.09483403,27695157.9919555,9.78107298570086,22019406.6622563,2799403.64288275,19220003.0193736,139970.182144138,1986774.0135676,0.0,0.0,42987560.9355313,1081500.84753557,247325.993068125,3548446.72458185,242994.347390656,154596.823767657,0.0,0.0,2074427.50194697,6966.89245373445,74350000.7420998,26.2581200640424,2950196.53909982,2402500.3774217,5352696.91652151,1.89040695222032,28432.95,20973.43,73.7645,2281237.48,,1810849.75,9662610.33,,4175531.98,,,,,,,,1691958.91,,1287084.31,,,692730.26,,,,,,,,,,,,,12.7133,55.1161,44.8839,67.7119,9.7811,1.8904,26.2581,100.0,73.7645,21602003.02
IotaTire PLC,2016,43.0,43.0,1.0,2781542.94221837,24436510.965339,8.78523591868407,23709410.4305257,3203934.97480932,20505475.4557163,160196.748740466,2130561.46699281,0.0,0.0,40717114.3828858,1001433.20533125,256320.96140652,3504268.01355172,231274.006296706,160083.321286186,0.0,0.0,2179780.4176302,6099.05299624645,73896345.258903,26.5666742502161,2817725.84967122,2563184.43196454,5380910.28163576,1.93450555803547,25026.85,17135.88,68.47,2398955.07,,1935155.44,10971383.61,,4283950.14,,,,,,,,1863836.83,,1425084.22,,,681967.99,,,,,,,,,,,,,13.5133,52.3652,47.6348,65.0321,8.7852,1.9345,26.5667,100.0,68.47,23560333.3
IotaTire PLC,2017,43.0,43.0,1.0,2873597.42481536,24678809.3527197,8.58812342313586,23965383.6939671,3430248.60045099,20535135.0935161,171512.430022549,2293418.34509402,0.0,0.0,42724599.0069263,899671.967540873,276251.423429718,3153437.40752345,242177.044432706,174384.732198279,0.0,0.0,2089784.24106816,6667.57045620516,75825775.4326368,26.3870557433803,2891572.83653921,2566891.88668952,5458464.72322873,1.89952311207248,30041.7,16792.25,55.8965,2295543.09,,1897468.51,10619179.54,,4584177.11,,,,,,,,1953555.5,,1481145.08,,,697403.47,,,,,,,,,,,,,14.3133,52.9741,47.0259,65.3696,8.5881,1.8995,26.3871,100.0,55.8965,23528472.3
IotaTire PLC,2018,44.0,44.0,1.0,2995172.41695093,26099598.4645175,8.7138884949691,24557004.8036851,3711385.42302824,20845619.3806569,185569.271151412,2203109.09829763,0.0,0.0,45854685.0491929,756727.626776834,283488.515553167,2750290.76622623,275594.865057456,153914.254910307,0.0,0.0,2343614.18717278,7033.76507173098,79185462.9319441,26.4376977044128,3038167.90741593,2605702.42258211,5643870.32999803,1.88432235087937,27472.85,15885.72,57.8233,2489203.66,,2005123.79,10767091.51,,4869360.17,,,,,,,,1876542.44,,1479504.97,,,752111.84,,,,,,,,,,,,,15.1133,53.8313,46.1687,66.2058,8.7139,1.8843,26.4377,100.0,57.8233,24238938.38
IotaTire PLC,2019,44.0,44.0,1.0,2821752.39931211,26297671.6782254,9.31962410473586,26494407.5395905,4216147.08746699,22278260.4521235,210807.354373349,2400792.20673693,0.0,0.0,48257303.0933879,608064.163785264,250029.834382495,2666059.4129572,248360.202961743,174880.305186359,0.0,0.0,2163733.23565111,7025.34985783717,83270655.3444974,29.5102629716191,3139543.93357477,2784782.55651544,5924326.49009021,2.09952031635889,39777.63,29546.96,74.2803,2641425.06,,2018315.39,12166002.81,,4667158.26,,,,,,,,2132234.83,,1545757.88,,,793625.17,,,,,,,,,,,,,15.9133,52.9941,47.0059,65.2997,9.3196,2.0995,29.5103,100.0,74.2803,25964519.4
IotaTire PLC,2020,44.0,44.0,1.0,2946691.79140718,27455589.5033591,9.31742830499684,27032183.8231115,4517982.76575808,22514201.0573534,225899.138287904,2408285.4337565,0.0,0.0,45845475.0119558,418068.839613141,259608.26038038,2245463.83459392,268534.652120435,156030.487032568,0.0,0.0,2171033.95382461,6762.14386094239,80811446.4402497,27.4244651836012,2954820.40338818,2814275.13216917,5769095.53555735,1.95782115807991,32903.43,23814.38,72.3766,2710355.6,,2212657.67,11914569.62,,4910306.7,,,,,,,,2107883.89,,1566711.52,,,841115.88,,,,,,,,,,,,,16.7133,51.2181,48.7819,63.5689,9.3174,1.9578,27.4245,100.0,72.3766,26263600.88
IotaTire PLC,2021,45.0,45.0,1.0,3122612.79760541,29438926.8753453,9.42765843332246,26815217.1079448,4696242.1019854,22118975.0059594,234812.10509927,2204205.55749419,0.0,0.0,49662168.2471359,325294.312951539,296951.22205461,2115063.15775461,257387.829621749,166731.388937182,0.0,0.0,2213074.52531597,6140.82185412772,84062234.1710647,26.9204796174307,3154616.03830643,2764871.87574492,5919487.91405135,1.89568425473397,29772.55,24219.48,81.3484,2551495.38,,2009079.26,12277139.72,,5006437.35,,,,,,,,2074666.71,,1564896.95,,,795197.39,,,,,,,,,,,,,17.5133,53.292,46.708,65.4786,9.4277,1.8957,26.9205,100.0,81.3484,26278912.76
IotaTire PLC,2022,45.0,45.0,1.0,2955345.39206311,26451930.4231064,8.9505377253521,25245581.5634784,4623311.03021016,20622270.5332682,231165.551510508,2269352.53216306,0.0,0.0,49832684.7060123,184546.913549952,278500.196297129,1912003.08371286,258953.07570302,166326.914908427,0.0,0.0,2448704.53426797,6059.00046873908,82602712.5205618,27.9502736777907,3147230.81447914,2577783.81665852,5725014.63113767,1.93717277395488,28368.9,23234.42,81.901,2644422.45,,2050007.0,11264047.14,,4883109.87,,,,,,,,1933245.73,,1443641.19,,,739015.14,,,,,,,,,,,,,18.3133,54.9733,45.0267,66.69,8.9505,1.9372,27.9503,100.0,81.901,24957488.52
IotaTire PLC,2023,45.0,45.0,1.0,2909287.05588014,26294778.6595304,9.03822075803227,26340833.2008516,5034614.93200347,21306218.2688481,251730.746600174,2415310.68082221,0.0,0.0,51876493.5855431,39478.1837025471,284178.401481058,1485562.52514225,305268.537444868,157011.581757742,0.0,0.0,2464646.24949142,6222.67366049737,85375005.6198973,29.3456795359332,3219151.28025331,2663277.28360601,5882428.56385932,2.02194848802217,32695.62,25647.54,78.4434,2693921.55,,2158411.39,12026505.16,,4927652.5,,,,,,,,2080091.08,,1657520.57,,,753883.27,,,,,,,,,,,,,19.1133,54.7249,45.2751,66.3178,9.0382,2.0219,29.3457,100.0,78.4434,26297985.52
ThetaDrive NV,2009,30.0,30.0,0.9474,4520121.78361705,25392531.5716666,5.61766536107512,10033567.7028043,957326.061712552,9076241.64109173,47866.3030856276,1968072.18767978,0.0,0.0,34143537.553204,177598.051283407,204031.676245886,426832.746125886,370544.354186998,81811.7292457703,0.0,0.0,1175376.5339295,4575.06252417825,48585947.5972297,10.7488138424338,2077629.98495885,1134530.20513647,3212160.19009531,0.710635762456141,61041.6,35046.48,57.4141,1239946.71,,898373.42,4419813.03,,1725473.83,,,,,,,,680847.17,,464854.64,,,403587.56,,,,,,,,,,,,,9.5412,64.6801,35.3199,75.2981,5.6177,0.7106,10.7488,94.74,57.4141,9832896.36
ThetaDrive NV,2010,30.0,30.0,0.9237,5023822.04159298,27624864.7485855,5.49877454254453,11581265.0057233,1197645.58586397,10383619.4198593,59882.2792931985,1929054.36667686,0.0,0.0,37235240.9746004,166730.487563179,193430.750007216,433830.174987248,416790.466810024,80139.0549506778,0.0,0.0,1088873.74933347,4407.81559023561,53129762.8462426,10.5755662534169,2248360.9002403,1297952.42748242,3546313.32772272,0.705899472226974,48337.72,38889.51,80.4538,1528094.72,,1053543.41,5102222.36,,2028482.38,,,,,,,,784465.05,,562877.63,,,448724.83,,,,,,,,,,,,,10.3412,63.4,36.6,74.5711,5.4988,0.7059,10.5756,92.37,80.4538,11508410.38
ThetaDrive NV,2011,30.0,30.0,0.9837,4857398.26011437,30024099.4740628,6.1811072237169,11610359.97449,1293537.24413936,10316822.7303507,64676.8622069682,2127539.48940141,0.0,0.0,36646183.1338387,162856.297794797,212437.131746519,375177.074185946,385232.222655263,77753.0608281786,0.0,0.0,1196462.23345017,4378.51445115526,52798379.1328422,10.8696829671938,2215136.0519538,1289602.84129383,3504738.89324763,0.72152594981271,65366.45,42130.89,64.4534,1379977.53,,1046455.47,5074312.24,,2084644.47,,,,,,,,815916.01,,537205.15,,,439641.91,,,,,,,,,,,,,11.1412,63.204,36.796,73.9805,6.1811,0.7215,10.8697,98.37,64.4534,11378152.78
ThetaDrive NV,2012,31.0,31.0,0.9053,4982416.36931622,30574316.9895947,6.13644358947679,11592171.3871826,1384248.18236549,10207923.2048172,69212.4091182743,2075317.05581111,0.0,0.0,34279518.9174121,138526.176443398,234552.090697094,390393.176149145,415925.098155646,86074.9865973573,0.0,0.0,1231123.70997422,4414.49494832018,50448017.093371,10.1252110128834,2087426.15544674,1275990.40060214,3363416.55604888,0.67505730287059,66304.35,48927.68,73.7926,1454825.01,,1076246.15,4960004.8,,2028962.89,,,,,,,,814452.29,,584995.45,,,467400.35,,,,,,,,,,,,,11.9412,62.0627,37.9373,72.9078,6.1364,0.6751,10.1252,90.53,73.7926,11386886.94
ThetaDrive NV,2013,31.0,31.0,0.9464,5436627.76076887,31561106.9222085,5.80527273725745,12103564.2968165,1542143.31506297,10561420.9817536,77107.1657531484,2034312.51595208,0.0,0.0,39835246.5682928,136064.907269896,227212.732443681,336932.823915782,455475.764322745,81631.4394326685,0.0,0.0,1276499.15911969,4400.59455884666,56491340.8021247,10.3908789212627,2399435.04112454,1320177.62271919,3719612.66384373,0.684176446782829,46974.68,36965.05,78.6914,1471090.07,,1004254.77,5296791.43,,2180823.83,,,,,,,,840512.08,,597317.53,,,470703.31,,,,,,,,,,,,,12.7412,64.5077,35.4923,74.9734,5.8053,0.6842,10.3909,94.64,78.6914,11861493.02
ThetaDrive NV,2014,31.0,31.0,0.873,4858612.34239209,26907574.0653651,5.53811915196293,11690519.3359425,1583040.44934464,10107478.8865979,79152.0224672321,2205088.32480883,0.0,0.0,37470894.5329888,125858.08657099,241655.00413321,351230.67379071,416190.702373052,84304.3152719581,0.0,0.0,1234975.2271383,4453.47180312142,53825169.6748215,11.0783009389716,2262791.72139641,1263434.86082473,3526226.58222115,0.725768251040388,57603.72,33034.95,57.3486,1505854.53,,1038751.7,5020249.97,,2151307.63,,,,,,,,817998.85,,560037.03,,,454535.96,,,,,,,,,,,,,13.5412,64.1703,35.8297,74.1838,5.5381,0.7258,11.0783,87.3,57.3486,11548735.67
ThetaDrive NV,2015,32.0,32.0,1.0,5117640.82184496,30109436.5184172,5.88346028308458,12304355.870762,1764596.3310553,10539759.5397067,88229.8165527649,2065405.43637317,0.0,0.0,42045856.3461644,99099.5307847712,238244.639146206,321587.888508257,450575.608141781,87043.658334122,0.0,0.0,1264979.0090324,4984.13285818944,58882132.1201054,11.5057179997399,2518854.59539013,1317469.94246334,3836324.53785347,0.749627547419483,65417.84,37324.5,57.0555,1610462.16,,1076583.84,5255631.7,,2174119.83,,,,,,,,864949.72,,589285.58,,,487235.93,,,,,,,,,,,,,14.3412,65.658,34.342,75.5957,5.8835,0.7496,11.5057,100.0,57.0555,12058268.76
ThetaDrive NV,2016,32.0,32.0,1.0,4991801.96881371,27088073.6123193,5.426512065493,12851084.4716075,1945812.62875231,10905271.8428552,97290.6314376154,2255827.30443753,0.0,0.0,41095043.8518428,96182.9583578329,234226.398867132,294849.596294414,452612.269358279,84200.0999474706,0.0,0.0,1236398.21719302,5083.74667029908,58605508.9145763,11.7403513361937,2461271.48311001,1363158.9803569,3824430.46346691,0.766142264328602,59702.57,37140.83,62.2098,1656413.0,,1137775.13,5487385.26,,2287296.75,,,,,,,,890940.52,,626630.25,,,507621.87,,,,,,,,,,,,,15.1412,64.3565,35.6435,74.2227,5.4265,0.7661,11.7404,100.0,62.2098,12594062.78
ThetaDrive NV,2017,32.0,32.0,1.0,5499059.26443576,33749952.0272995,6.13740467311776,13213912.9453915,2106460.63652274,11107452.3088687,105323.031826137,2202106.02604562,0.0,0.0,38178684.5025445,73978.4578827358,240102.865276268,265576.983948706,440490.498072664,83929.3812417715,0.0,0.0,1267494.49568712,4903.12114784124,55971179.2772387,10.1783189788884,2294473.93109398,1388431.53860859,3682905.46970257,0.669733729461901,70840.53,51971.31,73.3638,1738183.85,,1219306.55,5615630.55,,2469094.61,,,,,,,,959368.46,,629593.22,,,545777.77,,,,,,,,,,,,,15.9412,62.3006,37.6994,72.4572,6.1374,0.6697,10.1783,100.0,73.3638,13176955.01
ThetaDrive NV,2018,33.0,33.0,1.0,5839912.58325617,36148610.0491595,6.18992314248034,14097912.1409033,2360164.30415331,11737747.83675,118008.215207665,2186028.65252308,0.0,0.0,40965737.6229394,67581.4773840067,240333.685199642,242751.321258626,454459.234817759,79192.7835899999,0.0,0.0,1247849.95298744,4578.57602379983,59586425.447627,10.203307771844,2448049.19998138,1467218.47959375,3915267.67957513,0.670432583323377,51987.42,33297.01,64.0482,1809387.27,,1181389.91,6168595.18,,2526981.14,,,,,,,,951835.06,,645839.94,,,531925.4,,,,,,,,,,,,,16.7412,62.5257,37.4743,72.6717,6.1899,0.6704,10.2033,100.0,64.0482,13815953.9
ThetaDrive NV,2019,33.0,33.0,1.0,5637392.39225497,33599680.7610694,5.9601458304075,12830344.1657072,2250600.5507108,10579743.6149964,112530.02753554,2509261.37009028,0.0,0.0,40361784.4636304,52762.407272574,255686.695956984,215224.666339314,501930.947922199,82498.2048901686,0.0,0.0,1364329.24344167,4736.65847420838,58178558.823725,10.3201187314289,2421890.4019314,1322467.95187455,3744358.35380596,0.664200412756474,69444.15,56591.45,81.492,1644283.64,,1096553.39,5566471.83,,2256065.89,,,,,,,,898319.48,,599657.29,,,512385.77,,,,,,,,,,,,,17.5412,64.6811,35.3189,73.6336,5.9601,0.6642,10.3201,100.0,81.492,12573737.29
ThetaDrive NV,2020,33.0,33.0,1.0,5679264.17967034,30700087.7008882,5.40564529658317,14607575.1629998,2679209.38024532,11928365.7827545,133960.469012266,2420216.45139283,0.0,0.0,46790771.6234563,39703.7716840362,251535.458870048,185325.790594253,490885.336913619,87569.2778002826,0.0,0.0,1422611.50563882,4715.30300548415,66300909.6823554,11.6742077115708,2781540.94020187,1491045.72284431,4272586.66304618,0.752313420872453,66952.08,54231.71,81.0008,1807601.88,,1288386.18,6484897.79,,2441962.4,,,,,,,,1032202.59,,719673.94,,,540698.89,,,,,,,,,,,,,18.3412,65.102,34.898,74.3174,5.4056,0.7523,11.6742,100.0,81.0008,14315423.67
ThetaDrive NV,2021,34.0,34.0,1.0,6008683.40471578,37116744.5594582,6.17718426141873,13749891.8705992,2631898.82509126,11117993.045508,131594.941254563,2616396.52398667,0.0,0.0,46009366.1662193,30160.6816769306,257015.613632545,174675.127490553,506552.62889895,78489.5244600759,0.0,0.0,1427621.87500756,4414.32897078295,64854584.3409426,10.7934767024076,2737110.09805961,1389749.1306885,4126859.22874811,0.686815888071127,60728.23,45012.16,74.1207,1710150.47,,1247658.78,5956712.41,,2504906.89,,,,,,,,918770.45,,713037.55,,,576037.36,,,,,,,,,,,,,19.1412,66.3243,33.6757,74.7646,6.1772,0.6868,10.7935,100.0,74.1207,13627273.91
ThetaDrive NV,2022,34.0,34.0,1.0,6092637.95405362,37163173.4934389,6.09968518951845,13671473.804079,2726260.43078332,10945213.3732957,136313.021539166,2709586.56990864,0.0,0.0,46553111.2395305,15285.3574941218,288049.179186903,152674.791854368,534642.525069507,80396.4881594311,0.0,0.0,1544119.50632897,4930.86625916553,65554270.3278706,10.7595873613753,2775242.70292201,1368151.67166196,4143394.37458397,0.680065745877324,90062.26,67763.38,75.2406,1711547.13,,1262210.19,5729466.18,,2343266.33,,,,,,,,940122.61,,682797.37,,,561646.42,,,,,,,,,,,,,19.9412,66.9799,33.0201,75.0115,6.0997,0.6801,10.7596,100.0,75.2406,13231056.23
ThetaDrive NV,2023,34.0,34.0,1.0,5904672.77733193,34605251.7260219,5.86065528624578,14438479.5219686,2994718.66344399,11443760.8585246,149735.933172199,2374082.42816214,0.0,0.0,43423559.8034002,3520.73780911498,271605.541530062,132207.803838508,529029.935161818,82725.8336176286,0.0,0.0,1429549.50139431,4823.30605497628,62689584.4129374,10.6169447109081,2589245.90994903,1430470.10731558,4019716.01726461,0.680768633394271,75479.83,50601.2,67.0394,1834512.01,,1364062.65,6306034.48,,2586292.16,,,,,,,,976696.24,,743206.98,,,588725.09,,,,,,,,,,,,,20.7412,64.4137,35.5863,73.1813,5.8607,0.6808,10.6169,100.0,67.0394,14399529.61
VerdaTyres Corp,2009,53.0,53.0,0.9595,1287667.40731299,10733992.5078151,8.33599767055848,5280887.97979024,561095.142946107,4719792.83684414,28054.7571473054,159571.441116187,0.0,0.0,5551786.00771981,167057.665242952,182524.711515381,403030.434586812,87500.6473025274,18230.9649917761,0.0,0.0,387829.320214949,2289.46244573487,12240708.6349264,9.50611047962254,399706.579217756,589974.104605517,989680.683823273,0.768584091049154,13677.32,11033.4,80.6693,432272.11,,319979.31,2294655.87,,917860.06,,,,,,,,403801.35,,492683.54,,,320057.14,,,,,,,,,,,,,10.625,40.3874,59.6126,55.5544,8.336,0.7686,9.5061,95.95,80.6693,5181309.38
VerdaTyres Corp,2010,53.0,53.0,0.862,1215645.13986388,9644463.88354261,7.93361776992139,4710754.10689004,538204.365965912,4172549.74092413,26910.2182982956,160876.921796625,0.0,0.0,5766108.87047297,144393.385807513,179792.387651147,345110.514956583,85288.7081675468,18886.483688463,0.0,0.0,438829.610537897,2435.46995175256,11852476.4599205,9.74994763788366,407674.710839207,521568.717615516,929243.428454723,0.764403523678611,15750.52,8750.32,55.5558,394569.37,,292041.58,2058859.86,,820956.54,,,,,,,,364929.1,,415668.37,,,283344.98,,,,,,,,,,,,,11.425,43.8717,56.1283,58.8978,7.9336,0.7644,9.7499,86.2,55.5558,4630369.8
VerdaTyres Corp,2011,53.0,53.0,0.9594,1220912.53676841,9573912.2563923,7.84160369237683,5055307.26175877,618012.073879846,4437295.18787892,30900.6036939923,184254.041287847,0.0,0.0,5910737.33070644,137720.195576777,193639.960826157,361692.980823474,94760.1245544441,16887.8461422541,0.0,0.0,406256.513568353,2322.99486032753,12363579.2501048,10.126506918202,416039.567785077,554661.898484865,970701.466269942,0.795062248143721,13458.87,8460.67,62.8632,408948.19,,292383.62,2227603.5,,897794.83,,,,,,,,402647.94,,467952.52,,,294208.99,,,,,,,,,,,,,12.225,42.8597,57.1403,57.621,7.8416,0.7951,10.1265,95.94,62.8632,4991539.59
VerdaTyres Corp,2012,54.0,54.0,0.8816,1270375.09468501,11274943.8315235,8.87528721138789,5595261.08950538,728783.599333658,4866477.49017173,36439.1799666829,169751.938965087,0.0,0.0,6066090.15216947,123274.555326472,205334.681214941,321702.527567948,89417.9489505768,16937.4993315746,0.0,0.0,454001.615628926,2302.80701909742,13044074.8156795,10.2678924281917,423309.835493516,608309.686271466,1031619.52176498,0.812058994293156,14735.9,10461.78,70.9952,427319.06,,339326.11,2434909.83,,963341.3,,,,,,,,467713.94,,527021.49,,,346069.05,,,,,,,,,,,,,13.025,41.0335,58.9665,55.8036,8.8753,0.8121,10.2679,88.16,70.9952,5505700.78
VerdaTyres Corp,2013,54.0,54.0,0.9847,1368361.80967297,11158380.6729794,8.15455429558221,5157674.93619303,713049.336471057,4444625.59972198,35652.4668235529,193257.58116723,0.0,0.0,6065766.27762599,106780.70313995,182762.830093751,285749.74313159,97012.732715487,18478.1303689174,0.0,0.0,454313.121016137,2226.51051368441,12564022.5659658,9.18179861287452,418199.249794137,555578.199965247,973777.449759384,0.711637406770442,13864.65,7991.19,57.6372,420215.71,,307608.45,2233230.54,,927933.72,,,,,,,,393402.21,,483191.02,,,301995.69,,,,,,,,,,,,,13.825,42.9461,57.0539,57.4107,8.1546,0.7116,9.1818,98.47,57.6372,5067577.34
VerdaTyres Corp,2014,54.0,54.0,0.9994,1354620.76198052,11279336.9081972,8.32656432321788,5939198.60512406,868608.690208396,5070589.91491566,43430.4345104198,193643.86759403,0.0,0.0,5710027.20261197,106793.764418211,207377.75667947,287426.577890947,93607.1831602381,18051.2981759628,0.0,0.0,441255.95428037,2368.68998503485,12999750.8999203,9.59659800349881,398922.302342316,633823.739364458,1032746.04170677,0.762387577905458,17119.23,10856.36,63.4162,465062.06,,349723.96,2528458.71,,1093332.38,,,,,,,,476900.4,,545095.28,,,361841.84,,,,,,,,,,,,,14.625,38.6273,61.3727,52.8234,8.3266,0.7624,9.5966,99.94,63.4162,5820414.63
VerdaTyres Corp,2015,55.0,55.0,1.0,1401007.02027595,12454601.6636524,8.88974964679282,5985163.22396166,923212.328425547,5061950.89553611,46160.6164212773,180059.35227313,0.0,0.0,6332425.69126214,87309.9526795849,219597.082577658,282497.297843945,96190.1986197199,18045.6144157553,0.0,0.0,489339.250257907,2260.71575750936,13692888.379649,9.77360440131986,435258.125747305,632743.861942014,1068001.98768932,0.762310232734567,17071.69,13638.68,79.8906,459109.54,,348192.24,2570838.45,,1058511.7,,,,,,,,473482.78,,526348.07,,,370915.08,,,,,,,,,,,,,15.425,40.7544,59.2456,54.975,8.8897,0.7623,9.7736,100.0,79.8906,5807397.86
VerdaTyres Corp,2016,55.0,55.0,1.0,1502714.04925414,12532899.7166911,8.34017604541042,6025541.11953624,977644.953853534,5047896.16568271,48882.2476926767,192141.204372493,0.0,0.0,5952513.96925066,78656.737851383,194293.13871392,264639.984508781,107710.222869608,18589.9416565681,0.0,0.0,476274.931774168,2224.36480903108,13312585.6153428,8.85902785160653,410300.02159841,630987.020710338,1041287.04230875,0.692937583717662,15774.4,9872.44,62.5852,470343.65,,338645.17,2714046.81,,1008941.24,,,,,,,,491147.06,,541231.22,,,340675.14,,,,,,,,,,,,,16.225,39.4032,60.5968,53.2947,8.3402,0.6929,8.859,100.0,62.5852,5905030.29
VerdaTyres Corp,2017,60.0,55.0,0.916667,1561904.2204,13870715.6395,8.880644,5547386.102,936471.5976,4564090.9245,46823.5799,194843.189,0.0,0.0,6151725.9934,72736.7084,0.0,0.0,103306.9553,0.0,0.0,0.0,0.0,0.0,12069998.9482,7.727746,359756.8713,570511.3656,930268.2369,0.595599,12555.61,9670.01,77.0174,,,,,,,,,,,,,,,,,,,,,,,,,,,,,,,,17.7254,38.6724,61.3276,52.4256,8.8806,0.5956,7.7277,91.67,77.0174,
VerdaTyres Corp,2018,56.0,56.0,1.0,1485019.28574157,11740235.6819064,7.90577994146636,6051659.65768308,1078709.24512321,4972950.41255987,53935.4622561605,206683.123133036,0.0,0.0,6422270.33153488,56947.8246720369,236815.884726534,214564.880229867,104829.298155711,17702.7940257968,0.0,0.0,481253.49976745,2288.23652511467,13795015.5304535,9.28945210537431,433407.313161422,621618.801569984,1055026.11473141,0.710446069530039,18359.42,11737.96,63.9343,463003.2,,356236.36,2675639.95,,1114309.71,,,,,,,,490792.38,,565738.89,,,362090.7,,,,,,,,,,,,,17.825,41.0802,58.9198,54.6333,7.9058,0.7104,9.2895,100.0,63.9343,6027811.19
VerdaTyres Corp,2019,56.0,56.0,1.0,1494447.91694523,12560924.9864871,8.40506038655577,5871592.33861749,1093584.95709767,4778007.38151982,54679.2478548837,194311.586828327,0.0,0.0,6410008.64973192,48606.7759675095,214199.034212827,202847.529438544,114255.411007402,16441.0357899391,0.0,0.0,500861.398884922,2458.39053890796,13575582.1510178,9.08401155844051,431316.25929733,597250.922689977,1028567.18198731,0.688258968629554,13206.67,9806.96,74.2576,467097.72,,343511.7,2630031.92,,1023623.23,,,,,,,,456260.95,,508418.52,,,325216.45,,,,,,,,,,,,,18.625,41.9337,58.0663,55.3175,8.4051,0.6883,9.084,100.0,74.2576,5754160.49
VerdaTyres Corp,2020,59.0,57.0,0.966102,1653121.9969,13073491.4506,7.908365,6593746.9501,1423551.7455,5099017.6173,71177.5873,204176.8157,0.0,0.0,7289084.8239,3420.3246,0.0,0.0,115841.8275,0.0,0.0,0.0,0.0,0.0,14206270.7418,8.593601,417830.2312,637377.2022,1055207.4334,0.638312,22690.92,17753.31,78.2397,,,,,,,,,,,,,,,,,,,,,,,,,,,,,,,,22.6689,39.597,60.403,52.1484,7.9084,0.6383,8.5936,96.61,78.2397,
VerdaTyres Corp,2021,57.0,57.0,1.0,1654041.64584074,14088879.6735614,8.51785062908749,6876437.26170907,1390760.47150083,5485676.79020824,69538.0235750415,197961.296072036,0.0,0.0,7046201.43955426,24738.1574017984,246341.657093729,146264.261598359,106790.920825797,17508.0097418769,0.0,0.0,536891.295023788,2308.85958152707,15201443.1586022,9.19048392573903,463919.159085542,685709.59877603,1149628.75786157,0.695042208128456,15881.43,9064.88,57.0785,513702.31,,380218.41,3078464.16,,1217031.61,,,,,,,,531734.94,,612254.94,,,405502.14,,,,,,,,,,,,,20.225,40.3538,59.6462,53.4623,8.5179,0.695,9.1905,100.0,57.0785,6738908.51
VerdaTyres Corp,2022,57.0,57.0,1.0,1561144.63996563,13814939.9715681,8.84923767977847,6445587.26719589,1355185.69337909,5090401.5738168,67759.2846689547,228089.088230871,0.0,0.0,7354114.23812809,13255.446556856,256304.749060221,140512.784360081,123114.594132987,18857.426306196,0.0,0.0,585058.647888835,2265.87530941806,15167160.1171694,9.71540991711269,484287.913006642,636300.1967271,1120588.10973374,0.717799030945915,14528.0,11491.52,79.0991,501950.25,,386516.02,2923802.47,,1104488.29,,,,,,,,480486.46,,547177.98,,,372254.04,,,,,,,,,,,,,21.025,43.2173,56.7827,55.9992,8.8492,0.7178,9.7154,100.0,79.0991,6316675.51
VerdaTyres Corp,2023,59.0,57.0,0.966102,1653121.9969,13073491.4506,7.908365,6593746.9501,1423551.7455,5099017.6173,71177.5873,204176.8157,0.0,0.0,7289084.8239,3420.3246,0.0,0.0,115841.8275,0.0,0.0,0.0,0.0,0.0,14206270.7418,8.593601,417830.2312,637377.2022,1055207.4334,0.638312,22690.92,17753.31,78.2397,,,,,,,,,,,,,,,,,,,,,,,,,,,,,,,,22.6689,39.597,60.403,52.1484,7.9084,0.6383,8.5936,96.61,78.2397,
VerdaTyres Corp,2024,61.0,59.0,0.967213,1853122.0,15073491.0,8.134106,8223748.0,1823552.0,6299018.0,101178.0,294177.0,9362.0,0.0,9289085.0,7420.0,0.0,0.0,185842.0,0.0,9594.0,0.0,0.0,0.0,18000504.0,9.71361,535601.6227,796351.25,1331952.8727,0.718762,32691.0,27753.0,84.8949,,,,,,,,,,,,,,,,,,,,,,,,,,,,,,,,23.4045,40.2118,59.7882,52.6782,8.1341,0.7188,9.7136,96.72,84.8949,
ZetaTrac LLC,2009,45.0,45.0,0.9351,3974798.51172395,30315513.2621791,7.62693081743927,17800908.9139773,1217458.50026747,16583450.4137098,60872.9250133737,1803320.40899834,0.0,0.0,23344260.2747534,1193103.48528296,329053.294854601,594731.918068313,171829.795986414,76345.5081085608,0.0,0.0,1575257.28188566,3564.33387551456,46892375.2157911,11.7974219516986,1596404.88659331,2072931.30171373,3669336.18830704,0.923150237045746,59200.21,45969.11,77.6502,1151786.99,,1603370.63,9750473.72,,2740475.67,,,,,,,,862590.5,,846155.26,,,490037.95,,,,,,,,,,,,,6.8393,43.5066,56.4934,58.1931,7.6269,0.9232,11.7974,93.51,77.6502,17444890.72
ZetaTrac LLC,2010,45.0,45.0,0.9145,3660300.61470821,28865558.6045584,7.88611691853061,20213963.1054344,1544206.34743337,18669756.7580011,77210.3173716683,1951415.85001637,0.0,0.0,24113095.9359604,1001019.09861256,344177.474428065,559478.041111353,162625.203266156,74611.6584509815,0.0,0.0,1598036.2846276,3225.86531289086,50021648.5172208,13.6659946224686,1619965.58617028,2333719.59475013,3953685.18092042,1.08015313415333,37870.86,29038.26,76.6771,1344883.97,,1788965.91,11004466.92,,3246328.71,,,,,,,,1053132.88,,995168.37,,,597137.85,,,,,,,,,,,,,7.6393,40.9736,59.0264,55.6884,7.8861,1.0802,13.666,91.45,76.6771,20030084.61
ZetaTrac LLC,2011,45.0,45.0,0.8992,3840186.56902792,28901192.1127398,7.52598645749018,20927723.7338783,1766154.49056041,19161569.2433179,88307.7245280207,1899347.24148709,0.0,0.0,23596770.4840625,1030813.24033576,358596.149199987,549568.227916432,189695.676819871,71783.9373608825,0.0,0.0,1815654.74406362,3173.84775118342,50443127.2828756,13.1355928614803,1607987.58714979,2395196.15541474,4003183.74256453,1.04244511838337,50546.49,33972.24,67.2099,1424596.9,,1874537.14,11096865.58,,3240076.06,,,,,,,,1046215.39,,1037902.66,,,653877.05,,,,,,,,,,,,,8.4393,40.1677,59.8323,54.7469,7.526,1.0424,13.1356,89.92,67.2099,20374070.78
ZetaTrac LLC,2012,46.0,46.0,0.9882,3776608.6975279,32640304.6738577,8.6427552569117,20861234.3086384,1927433.11946572,18933801.1891727,96371.655973286,2075080.21107652,0.0,0.0,25456306.7162594,904950.042256205,344514.411959861,454978.726633974,179950.93276615,80775.2663858881,0.0,0.0,1790385.96283329,3606.57078983259,52151783.1495996,13.8091571900836,1690655.32866588,2366725.14864659,4057380.47731247,1.07434494867534,39793.21,28124.2,70.6759,1449024.34,,1749183.81,11420331.45,,3163576.53,,,,,,,,1068605.14,,985617.17,,,607671.18,,,,,,,,,,,,,9.2393,41.6686,58.3314,56.0201,8.6428,1.0743,13.8092,98.82,70.6759,20444009.62
ZetaTrac LLC,2013,46.0,46.0,0.8632,4468028.86866453,38513142.555835,8.61971658821137,20224545.9305495,2030403.90408258,18194142.0264669,101520.195204129,2128533.11005027,0.0,0.0,25300127.2034393,821832.408776239,364252.936310442,451860.579123998,184387.437745371,72968.2855978775,0.0,0.0,1801055.71547594,3213.14857603957,51352776.755645,11.4933851738953,1675359.64640176,2274267.75330837,3949627.39971013,0.883975353742655,38413.64,31466.77,81.9156,1416028.97,,1837571.2,10641937.77,,3316812.74,,,,,,,,981892.16,,1051479.63,,,588846.13,,,,,,,,,,,,,10.0393,42.4182,57.5818,56.4715,8.6197,0.884,11.4934,86.32,81.9156,19834568.6
ZetaTrac LLC,2014,46.0,46.0,0.9859,4288801.76984223,34192705.9769082,7.97255452964571,22354796.5706975,2423104.64128584,19931691.9294116,121155.232064292,2255922.51016232,0.0,0.0,27075581.8885177,722677.064136008,362460.589664905,413724.210729077,196927.4324822,80268.4347282922,0.0,0.0,1884658.95025801,3247.73441764745,55350265.3857936,12.905764443347,1768605.78664476,2491461.49117645,4260067.27782121,0.993300111881347,40035.17,22414.43,55.9868,1560464.7,,2024977.28,11761170.89,,3675317.27,,,,,,,,1112518.74,,1120466.03,,,666671.19,,,,,,,,,,,,,10.8393,41.5159,58.4841,55.5364,7.9726,0.9933,12.9058,98.59,55.9868,21921586.1
ZetaTrac LLC,2015,47.0,47.0,1.0,4568225.65252469,37284706.2813747,8.16174793396399,22947058.6084317,2670878.20038191,20276180.4080498,133543.910019095,2285316.86605404,0.0,0.0,26133702.1519869,718950.40248677,396784.152934369,414582.644823923,202004.655322356,81551.1038340578,0.0,0.0,1918031.19200549,3233.38450455579,55101215.1623841,12.0618418076462,1719980.82239471,2534522.55100623,4254503.37340094,0.931325135186706,49361.24,34607.31,70.1103,1489493.17,,1920356.03,12559567.44,,3683428.08,,,,,,,,1087953.01,,1076651.27,,,670668.44,,,,,,,,,,,,,11.6393,40.4273,59.5727,54.2072,8.1617,0.9313,12.0618,100.0,70.1103,22488117.44
ZetaTrac LLC,2016,47.0,47.0,1.0,4163373.70304042,33697918.8018861,8.09389721063887,21817980.0573094,2714005.1416129,19103974.9156965,135700.257080645,2160962.2789604,0.0,0.0,25010125.4821143,592699.295279621,389096.921337314,373913.351010927,188017.120951583,81149.7719347992,0.0,0.0,1790562.30629498,3624.22775055157,52408130.8129439,12.5878997541516,1633134.25691881,2387996.86446207,4021131.12138088,0.965834779242693,45218.98,25180.38,55.6854,1474744.21,,2006026.91,12190596.0,,3325791.85,,,,,,,,1060568.97,,1061561.98,,,665790.46,,,,,,,,,,,,,12.4393,40.6138,59.3862,54.2458,8.0939,0.9658,12.5879,100.0,55.6854,21785080.38
ZetaTrac LLC,2017,47.0,47.0,1.0,4827094.49866565,40160297.8785704,8.31976624648056,23034086.415276,3049553.01512887,19984533.4001471,152477.650756444,2275821.70695522,0.0,0.0,27733669.9876498,534596.139063968,435764.257845123,345029.454622266,216914.621259014,78932.1778991075,0.0,0.0,1905485.99948001,3411.28584071995,56563712.0458912,11.7179624433553,1789533.9333625,2498066.67501839,4287600.60838089,0.888236310593485,39282.77,22709.74,57.8109,1626231.25,,1964731.21,12594959.98,,3514378.07,,,,,,,,1082596.31,,1098805.84,,,691702.03,,,,,,,,,,,,,13.2393,41.7374,58.2626,55.2542,8.3198,0.8882,11.718,100.0,57.8109,22573404.69
ZetaTrac LLC,2018,48.0,48.0,1.0,4402140.73239252,33441999.3780158,7.59675835257551,21997368.7105079,3088277.74316009,18909090.9673478,154413.887158005,2486431.49111158,0.0,0.0,27364440.1515075,444220.881338858,418649.101907872,302137.036006288,202460.321493308,76292.6644677297,0.0,0.0,1982954.5984835,3437.10434063161,55278392.0611651,12.557161486094,1758928.51339132,2363636.37091847,4122564.88430979,0.936490933598394,61585.4,47676.91,77.4159,1523983.97,,2013040.06,11741626.48,,3446775.7,,,,,,,,1143460.16,,1046305.05,,,632567.9,,,,,,,,,,,,,14.0393,42.6659,57.3341,55.7082,7.5968,0.9365,12.5572,100.0,77.4159,21547759.32
ZetaTrac LLC,2019,48.0,48.0,1.0,4497982.82834631,35998441.4041744,8.00324118120506,23134204.0048364,3432955.15251041,19701248.852326,171647.75762552,2350064.31367857,0.0,0.0,27899662.189817,353691.857219433,446636.794392129,296687.310008629,200328.969620819,72060.4961387566,0.0,0.0,2101542.18605883,3306.36471277418,56858184.4864833,12.6408184860473,1787890.56809746,2462656.10654075,4250546.67463821,0.944989529050943,42529.34,23695.8,55.7164,1535600.67,,2056243.6,12364518.84,,3767798.67,,,,,,,,1168914.12,,1115028.07,,,663415.96,,,,,,,,,,,,,14.8393,42.0626,57.9374,55.1792,8.0032,0.945,12.6408,100.0,55.7164,22671519.93
ZetaTrac LLC,2020,48.0,48.0,1.0,5026636.21457935,42093474.4801516,8.37408411574781,26035429.2070916,4071760.25030535,21963668.9567862,203588.012515268,2577858.46696647,0.0,0.0,28434261.0300609,270516.74799796,410439.228996003,254601.803103779,236018.742786412,79507.2619711548,0.0,0.0,2048064.49324293,3476.71684310576,60350173.6990603,12.0060754593737,1804611.26586312,2745458.61959828,4550069.8854614,0.90519180048564,53573.12,38003.68,70.938,1780210.11,,2372279.06,14189768.21,,4187349.8,,,,,,,,1293456.59,,1275015.6,,,816089.9,,,,,,,,,,,,,15.6393,39.6612,60.3388,52.5879,8.3741,0.9052,12.0061,100.0,70.938,25914169.27
ZetaTrac LLC,2021,49.0,49.0,1.0,5294832.22164996,41937931.4978783,7.92054020642976,24433595.7489095,4016713.39196198,20416882.3569475,200835.669598099,2596015.26552411,0.0,0.0,31278511.8405494,190782.081241487,467324.560520155,240743.49999616,230534.432992356,77385.500517033,0.0,0.0,2174603.56231553,3382.67083244485,61692879.1633982,11.6515267303736,1965654.42919061,2552110.29461844,4517764.72380904,0.853240392648594,70660.81,41536.58,58.7831,1694676.32,,2098797.02,13348811.59,,3847912.89,,,,,,,,1158734.64,,1111715.64,,,684275.75,,,,,,,,,,,,,16.4393,43.5094,56.4906,56.1868,7.9205,0.8532,11.6515,100.0,58.7831,23944923.85
ZetaTrac LLC,2022,49.0,49.0,1.0,4931731.82111627,39403736.6618373,7.98983766577122,24105087.4013857,4155549.60110824,19949537.8002775,207777.480055412,2412366.74970032,0.0,0.0,32533261.9196338,104241.866911844,432697.121408034,191132.997530251,212759.582122408,81306.7495708932,0.0,0.0,2027603.47535554,3573.06346119259,62104030.92708,12.5927429105468,2012521.35442861,2493692.22503469,4506213.57946329,0.913718292663232,58152.22,41930.03,72.1039,1583432.78,,2011112.25,13176983.92,,3888744.69,,,,,,,,1162064.04,,1121031.12,,,679616.87,,,,,,,,,,,,,17.2393,44.661,55.339,57.3016,7.9898,0.9137,12.5927,100.0,72.1039,23622985.67
ZetaTrac LLC,2023,49.0,49.0,1.0,5413895.8163101,46943633.0993774,8.67095243280324,23969679.5293423,4323963.66093088,19645715.8684114,216198.183046544,2508395.71329527,0.0,0.0,32249534.008802,21845.3744858912,451939.049681438,164515.08473482,244829.845347784,80402.6119652781,0.0,0.0,2315799.18430571,3241.37447087725,62010181.7764313,11.4538927013736,2006388.17167679,2455714.48355142,4462102.65522822,0.824194407617805,44008.12,35068.34,79.6861,1613740.88,,2173777.84,12885453.42,,3855926.79,,,,,,,,1216631.47,,1238003.0,,,697979.42,,,,,,,,,,,,,18.0393,44.9651,55.0349,57.3004,8.671,0.8242,11.4539,100.0,79.6861,23681512.82
